"Datum","Vyska","Vaha","Vek"
"yyyy-MM-dd hh:mm:ss","m","kg","rok"
2014-05-01 00:00:00,1.64,65,27
2014-05-01 00:00:30,2.05,118,38
2014-05-01 00:01:00,1.87,73,55
2014-05-01 00:01:30,1.72,74,31
2014-05-01 00:02:00,1.74,70,57
2014-05-01 00:02:30,1.89,108,51
2014-05-01 00:03:00,2.19,111,55
2014-05-01 00:03:30,1.76,83,32
2014-05-01 00:04:00,1.72,83,57
2014-05-01 00:04:30,1.64,76,30
2014-05-01 00:05:00,2.03,86,21
2014-05-01 00:05:30,2.16,123,31
2014-05-01 00:06:00,1.71,66,48
2014-05-01 00:06:30,2.12,108,27
2014-05-01 00:07:00,1.63,68,27
2014-05-01 00:07:30,1.81,73,49
2014-05-01 00:08:00,1.98,85,33
2014-05-01 00:08:30,2.06,98,30
2014-05-01 00:09:00,2.1,121,41
2014-05-01 00:09:30,2.05,107,21
2014-05-01 00:10:00,1.95,103,59
2014-05-01 00:10:30,2.12,96,22
2014-05-01 00:11:00,2.19,121,49
2014-05-01 00:11:30,2.16,127,54
2014-05-01 00:12:00,1.71,68,48
2014-05-01 00:12:30,1.98,111,39
2014-05-01 00:13:00,1.77,88,42
2014-05-01 00:13:30,1.9,104,52
2014-05-01 00:14:00,2.15,120,28
2014-05-01 00:14:30,1.68,63,41
2014-05-01 00:15:00,2.19,107,46
2014-05-01 00:15:30,1.64,67,31
2014-05-01 00:16:00,1.92,78,59
2014-05-01 00:16:30,1.9,94,49
2014-05-01 00:17:00,2.06,104,29
2014-05-01 00:17:30,1.62,56,50
2014-05-01 00:18:00,2,87,56
2014-05-01 00:18:30,2.15,126,52
2014-05-01 00:19:00,2.13,104,40
2014-05-01 00:19:30,2.14,100,55
2014-05-01 00:20:00,2.01,114,44
2014-05-01 00:20:30,1.87,75,57
2014-05-01 00:21:00,1.94,113,37
2014-05-01 00:21:30,1.69,80,50
2014-05-01 00:22:00,1.65,47,55
2014-05-01 00:22:30,2.18,118,30
2014-05-01 00:23:00,1.89,86,48
2014-05-01 00:23:30,1.78,90,46
2014-05-01 00:24:00,2.17,116,20
2014-05-01 00:24:30,2.08,101,34
2014-05-01 00:25:00,1.82,62,28
2014-05-01 00:25:30,1.95,77,55
2014-05-01 00:26:00,1.93,76,35
2014-05-01 00:26:30,2.1,117,20
2014-05-01 00:27:00,1.7,65,35
2014-05-01 00:27:30,2.1,117,54
2014-05-01 00:28:00,2.14,128,30
2014-05-01 00:28:30,1.68,84,42
2014-05-01 00:29:00,1.64,76,39
2014-05-01 00:29:30,1.83,88,30
2014-05-01 00:30:00,1.71,59,39
2014-05-01 00:30:30,1.77,86,41
2014-05-01 00:31:00,1.8,100,51
2014-05-01 00:31:30,2.11,100,40
2014-05-01 00:32:00,2.06,104,49
2014-05-01 00:32:30,1.81,85,47
2014-05-01 00:33:00,1.9,86,58
2014-05-01 00:33:30,1.99,95,41
2014-05-01 00:34:00,2.07,102,58
2014-05-01 00:34:30,2.16,103,30
2014-05-01 00:35:00,1.67,59,49
2014-05-01 00:35:30,2.02,114,22
2014-05-01 00:36:00,1.88,88,33
2014-05-01 00:36:30,1.6,73,45
2014-05-01 00:37:00,1.76,67,24
2014-05-01 00:37:30,1.9,108,56
2014-05-01 00:38:00,2.05,114,35
2014-05-01 00:38:30,2,107,58
2014-05-01 00:39:00,2.19,119,59
2014-05-01 00:39:30,1.86,66,40
2014-05-01 00:40:00,1.89,96,21
2014-05-01 00:40:30,2.04,109,21
2014-05-01 00:41:00,1.82,69,49
2014-05-01 00:41:30,1.96,109,32
2014-05-01 00:42:00,1.88,72,28
2014-05-01 00:42:30,1.96,82,47
2014-05-01 00:43:00,1.73,62,50
2014-05-01 00:43:30,1.94,83,21
2014-05-01 00:44:00,2.06,104,21
2014-05-01 00:44:30,1.97,111,59
2014-05-01 00:45:00,2.09,126,54
2014-05-01 00:45:30,2.12,97,23
2014-05-01 00:46:00,1.95,109,41
2014-05-01 00:46:30,1.8,66,23
2014-05-01 00:47:00,2.01,121,31
2014-05-01 00:47:30,2.12,128,41
2014-05-01 00:48:00,2.01,116,33
2014-05-01 00:48:30,1.82,92,53
2014-05-01 00:49:00,1.7,84,55
2014-05-01 00:49:30,1.8,65,32
2014-05-01 00:50:00,1.67,59,23
2014-05-01 00:50:30,2.1,100,36
2014-05-01 00:51:00,2.01,87,23
2014-05-01 00:51:30,1.76,93,40
2014-05-01 00:52:00,1.63,56,56
2014-05-01 00:52:30,2.07,125,23
2014-05-01 00:53:00,2.07,123,32
2014-05-01 00:53:30,1.62,69,21
2014-05-01 00:54:00,1.98,102,39
2014-05-01 00:54:30,2.02,108,31
2014-05-01 00:55:00,1.88,78,30
2014-05-01 00:55:30,1.61,76,26
2014-05-01 00:56:00,2.1,120,50
2014-05-01 00:56:30,2.18,132,49
2014-05-01 00:57:00,1.71,88,32
2014-05-01 00:57:30,1.81,62,24
2014-05-01 00:58:00,1.79,98,28
2014-05-01 00:58:30,2.02,107,51
2014-05-01 00:59:00,2.09,115,26
2014-05-01 00:59:30,1.66,75,50
2014-05-01 01:00:00,1.7,75,34
2014-05-01 01:00:30,2.03,110,52
2014-05-01 01:01:00,1.81,89,42
2014-05-01 01:01:30,2.05,105,52
2014-05-01 01:02:00,1.84,99,26
2014-05-01 01:02:30,1.88,93,32
2014-05-01 01:03:00,1.75,72,33
2014-05-01 01:03:30,1.78,81,53
2014-05-01 01:04:00,1.71,76,47
2014-05-01 01:04:30,1.61,68,59
2014-05-01 01:05:00,2,118,49
2014-05-01 01:05:30,1.87,81,27
2014-05-01 01:06:00,2.07,103,38
2014-05-01 01:06:30,2.07,88,48
2014-05-01 01:07:00,2.12,112,59
2014-05-01 01:07:30,1.65,60,26
2014-05-01 01:08:00,2.06,89,31
2014-05-01 01:08:30,2.13,115,24
2014-05-01 01:09:00,1.7,85,42
2014-05-01 01:09:30,1.7,78,43
2014-05-01 01:10:00,2.19,130,58
2014-05-01 01:10:30,1.93,89,30
2014-05-01 01:11:00,2.17,99,21
2014-05-01 01:11:30,1.78,82,36
2014-05-01 01:12:00,2.04,108,32
2014-05-01 01:12:30,1.7,72,21
2014-05-01 01:13:00,1.94,99,49
2014-05-01 01:13:30,2.09,105,26
2014-05-01 01:14:00,2.09,119,54
2014-05-01 01:14:30,2.13,105,47
2014-05-01 01:15:00,2.19,117,21
2014-05-01 01:15:30,2.17,123,49
2014-05-01 01:16:00,2.2,138,30
2014-05-01 01:16:30,1.98,101,26
2014-05-01 01:17:00,1.86,75,35
2014-05-01 01:17:30,1.71,88,34
2014-05-01 01:18:00,1.64,54,37
2014-05-01 01:18:30,1.97,111,21
2014-05-01 01:19:00,1.81,78,34
2014-05-01 01:19:30,1.74,68,41
2014-05-01 01:20:00,1.63,59,39
2014-05-01 01:20:30,1.96,116,36
2014-05-01 01:21:00,1.71,77,36
2014-05-01 01:21:30,1.98,99,48
2014-05-01 01:22:00,1.76,67,57
2014-05-01 01:22:30,1.84,72,38
2014-05-01 01:23:00,1.87,69,37
2014-05-01 01:23:30,1.74,67,22
2014-05-01 01:24:00,2.14,131,53
2014-05-01 01:24:30,1.89,105,34
2014-05-01 01:25:00,2.14,129,38
2014-05-01 01:25:30,1.97,91,44
2014-05-01 01:26:00,1.81,64,22
2014-05-01 01:26:30,2.14,104,45
2014-05-01 01:27:00,1.96,99,25
2014-05-01 01:27:30,2.03,95,34
2014-05-01 01:28:00,2.19,125,59
2014-05-01 01:28:30,1.78,71,21
2014-05-01 01:29:00,1.83,73,30
2014-05-01 01:29:30,2.19,104,34
2014-05-01 01:30:00,1.85,94,27
2014-05-01 01:30:30,1.95,81,51
2014-05-01 01:31:00,1.8,65,42
2014-05-01 01:31:30,1.86,95,26
2014-05-01 01:32:00,2.12,97,49
2014-05-01 01:32:30,2.09,110,54
2014-05-01 01:33:00,1.64,56,26
2014-05-01 01:33:30,2.02,113,56
2014-05-01 01:34:00,2.1,128,60
2014-05-01 01:34:30,1.73,71,35
2014-05-01 01:35:00,1.89,71,56
2014-05-01 01:35:30,1.62,53,39
2014-05-01 01:36:00,1.75,82,42
2014-05-01 01:36:30,1.85,70,39
2014-05-01 01:37:00,1.87,83,26
2014-05-01 01:37:30,1.61,71,38
2014-05-01 01:38:00,2.07,122,28
2014-05-01 01:38:30,2.02,100,25
2014-05-01 01:39:00,2.05,110,48
2014-05-01 01:39:30,2.04,111,52
2014-05-01 01:40:00,1.76,64,38
2014-05-01 01:40:30,1.7,76,27
2014-05-01 01:41:00,1.69,55,21
2014-05-01 01:41:30,1.75,92,24
2014-05-01 01:42:00,1.88,105,32
2014-05-01 01:42:30,2.08,109,42
2014-05-01 01:43:00,2.01,83,46
2014-05-01 01:43:30,2.04,121,40
2014-05-01 01:44:00,2.02,116,50
2014-05-01 01:44:30,2.19,128,52
2014-05-01 01:45:00,2.02,99,28
2014-05-01 01:45:30,1.71,57,22
2014-05-01 01:46:00,1.77,93,23
2014-05-01 01:46:30,1.8,63,51
2014-05-01 01:47:00,1.65,49,46
2014-05-01 01:47:30,1.61,42,46
2014-05-01 01:48:00,2.02,96,43
2014-05-01 01:48:30,1.75,89,50
2014-05-01 01:49:00,1.73,69,21
2014-05-01 01:49:30,1.63,74,27
2014-05-01 01:50:00,1.91,102,49
2014-05-01 01:50:30,2.08,123,30
2014-05-01 01:51:00,1.93,107,57
2014-05-01 01:51:30,1.99,93,49
2014-05-01 01:52:00,1.67,85,40
2014-05-01 01:52:30,1.71,55,59
2014-05-01 01:53:00,1.65,45,43
2014-05-01 01:53:30,1.9,101,33
2014-05-01 01:54:00,1.99,108,59
2014-05-01 01:54:30,1.73,61,50
2014-05-01 01:55:00,2.01,113,24
2014-05-01 01:55:30,2.04,113,56
2014-05-01 01:56:00,1.93,101,50
2014-05-01 01:56:30,2.06,108,28
2014-05-01 01:57:00,2.05,96,53
2014-05-01 01:57:30,1.75,57,38
2014-05-01 01:58:00,2.09,120,20
2014-05-01 01:58:30,1.82,80,22
2014-05-01 01:59:00,1.95,107,50
2014-05-01 01:59:30,1.99,84,30
2014-05-01 02:00:00,1.75,71,29
2014-05-01 02:00:30,1.73,76,27
2014-05-01 02:01:00,2.06,117,21
2014-05-01 02:01:30,2.12,126,32
2014-05-01 02:02:00,1.67,63,51
2014-05-01 02:02:30,1.94,108,24
2014-05-01 02:03:00,1.89,91,21
2014-05-01 02:03:30,1.76,95,41
2014-05-01 02:04:00,1.7,72,24
2014-05-01 02:04:30,2.05,93,56
2014-05-01 02:05:00,1.84,88,34
2014-05-01 02:05:30,2.09,123,39
2014-05-01 02:06:00,1.71,67,21
2014-05-01 02:06:30,1.72,54,59
2014-05-01 02:07:00,1.99,110,27
2014-05-01 02:07:30,1.98,89,30
2014-05-01 02:08:00,1.67,48,40
2014-05-01 02:08:30,1.7,69,56
2014-05-01 02:09:00,2.06,107,22
2014-05-01 02:09:30,1.81,79,26
2014-05-01 02:10:00,2.16,107,31
2014-05-01 02:10:30,2.09,124,30
2014-05-01 02:11:00,2.12,99,28
2014-05-01 02:11:30,2.03,115,29
2014-05-01 02:12:00,1.71,86,29
2014-05-01 02:12:30,2.19,115,24
2014-05-01 02:13:00,2.01,91,48
2014-05-01 02:13:30,1.63,61,57
2014-05-01 02:14:00,1.71,73,52
2014-05-01 02:14:30,1.86,73,31
2014-05-01 02:15:00,2.03,89,21
2014-05-01 02:15:30,2.11,113,21
2014-05-01 02:16:00,1.79,95,44
2014-05-01 02:16:30,2.07,110,33
2014-05-01 02:17:00,1.99,106,40
2014-05-01 02:17:30,2,116,47
2014-05-01 02:18:00,1.62,44,34
2014-05-01 02:18:30,1.64,73,49
2014-05-01 02:19:00,1.87,102,30
2014-05-01 02:19:30,1.89,74,37
2014-05-01 02:20:00,2.14,134,49
2014-05-01 02:20:30,1.77,74,39
2014-05-01 02:21:00,2,110,47
2014-05-01 02:21:30,1.86,84,39
2014-05-01 02:22:00,1.85,76,21
2014-05-01 02:22:30,1.84,68,58
2014-05-01 02:23:00,2.18,136,33
2014-05-01 02:23:30,1.66,47,44
2014-05-01 02:24:00,1.68,69,60
2014-05-01 02:24:30,1.83,98,21
2014-05-01 02:25:00,2.07,109,38
2014-05-01 02:25:30,1.87,70,34
2014-05-01 02:26:00,1.79,82,24
2014-05-01 02:26:30,1.9,91,53
2014-05-01 02:27:00,1.89,98,43
2014-05-01 02:27:30,2.09,115,36
2014-05-01 02:28:00,1.92,98,49
2014-05-01 02:28:30,1.64,49,51
2014-05-01 02:29:00,1.84,85,59
2014-05-01 02:29:30,1.74,88,53
2014-05-01 02:30:00,1.63,64,32
2014-05-01 02:30:30,2.14,121,27
2014-05-01 02:31:00,2.08,105,28
2014-05-01 02:31:30,1.94,88,45
2014-05-01 02:32:00,1.61,76,38
2014-05-01 02:32:30,1.62,62,54
2014-05-01 02:33:00,1.74,56,29
2014-05-01 02:33:30,2.09,106,45
2014-05-01 02:34:00,2.2,125,56
2014-05-01 02:34:30,1.87,97,59
2014-05-01 02:35:00,1.67,77,44
2014-05-01 02:35:30,1.89,74,52
2014-05-01 02:36:00,2.05,107,56
2014-05-01 02:36:30,1.67,58,24
2014-05-01 02:37:00,1.61,49,48
2014-05-01 02:37:30,2.12,124,26
2014-05-01 02:38:00,2,107,38
2014-05-01 02:38:30,2.09,108,24
2014-05-01 02:39:00,1.78,64,27
2014-05-01 02:39:30,1.87,93,41
2014-05-01 02:40:00,1.65,46,44
2014-05-01 02:40:30,1.83,81,38
2014-05-01 02:41:00,1.66,72,57
2014-05-01 02:41:30,2.12,94,58
2014-05-01 02:42:00,1.98,96,36
2014-05-01 02:42:30,1.98,110,47
2014-05-01 02:43:00,1.81,84,21
2014-05-01 02:43:30,1.78,87,26
2014-05-01 02:44:00,1.97,91,22
2014-05-01 02:44:30,1.61,52,47
2014-05-01 02:45:00,1.97,95,56
2014-05-01 02:45:30,1.82,68,23
2014-05-01 02:46:00,2.14,128,39
2014-05-01 02:46:30,1.92,88,53
2014-05-01 02:47:00,1.81,63,57
2014-05-01 02:47:30,1.8,72,34
2014-05-01 02:48:00,2.14,127,59
2014-05-01 02:48:30,1.66,55,45
2014-05-01 02:49:00,1.66,55,21
2014-05-01 02:49:30,1.79,72,44
2014-05-01 02:50:00,2.15,111,22
2014-05-01 02:50:30,2.11,113,40
2014-05-01 02:51:00,1.86,104,29
2014-05-01 02:51:30,1.9,97,59
2014-05-01 02:52:00,1.86,72,58
2014-05-01 02:52:30,1.68,59,56
2014-05-01 02:53:00,2.05,90,32
2014-05-01 02:53:30,1.94,77,60
2014-05-01 02:54:00,2.15,127,40
2014-05-01 02:54:30,2.05,89,33
2014-05-01 02:55:00,1.94,90,21
2014-05-01 02:55:30,2.17,127,27
2014-05-01 02:56:00,1.79,65,33
2014-05-01 02:56:30,2,94,25
2014-05-01 02:57:00,2.08,118,30
2014-05-01 02:57:30,1.78,87,47
2014-05-01 02:58:00,1.85,71,32
2014-05-01 02:58:30,2.14,99,27
2014-05-01 02:59:00,2.07,98,58
2014-05-01 02:59:30,1.71,57,33
2014-05-01 03:00:00,2.15,113,46
2014-05-01 03:00:30,2.12,94,60
2014-05-01 03:01:00,1.7,64,58
2014-05-01 03:01:30,1.9,84,28
2014-05-01 03:02:00,1.92,80,45
2014-05-01 03:02:30,1.6,42,23
2014-05-01 03:03:00,2.15,127,37
2014-05-01 03:03:30,2.09,129,24
2014-05-01 03:04:00,1.76,67,55
2014-05-01 03:04:30,1.72,52,30
2014-05-01 03:05:00,2.19,114,53
2014-05-01 03:05:30,2.01,110,28
2014-05-01 03:06:00,1.63,83,44
2014-05-01 03:06:30,2.09,110,32
2014-05-01 03:07:00,1.76,69,59
2014-05-01 03:07:30,2.01,90,42
2014-05-01 03:08:00,1.81,92,48
2014-05-01 03:08:30,1.66,82,23
2014-05-01 03:09:00,2.15,118,45
2014-05-01 03:09:30,1.79,63,28
2014-05-01 03:10:00,1.85,94,44
2014-05-01 03:10:30,1.96,96,20
2014-05-01 03:11:00,1.81,98,28
2014-05-01 03:11:30,1.77,69,23
2014-05-01 03:12:00,2.01,113,26
2014-05-01 03:12:30,2.15,117,22
2014-05-01 03:13:00,1.69,70,39
2014-05-01 03:13:30,2.18,127,25
2014-05-01 03:14:00,1.73,76,26
2014-05-01 03:14:30,2.09,109,32
2014-05-01 03:15:00,1.86,95,21
2014-05-01 03:15:30,1.79,71,47
2014-05-01 03:16:00,2.07,111,53
2014-05-01 03:16:30,1.84,101,37
2014-05-01 03:17:00,1.96,109,27
2014-05-01 03:17:30,2.05,88,29
2014-05-01 03:18:00,2,88,48
2014-05-01 03:18:30,2.08,123,39
2014-05-01 03:19:00,1.99,90,43
2014-05-01 03:19:30,1.81,87,34
2014-05-01 03:20:00,1.84,93,38
2014-05-01 03:20:30,2,117,46
2014-05-01 03:21:00,1.87,68,45
2014-05-01 03:21:30,2.1,105,21
2014-05-01 03:22:00,2.15,112,57
2014-05-01 03:22:30,2.06,96,27
2014-05-01 03:23:00,2.17,102,48
2014-05-01 03:23:30,1.95,83,60
2014-05-01 03:24:00,1.73,83,43
2014-05-01 03:24:30,2.09,116,49
2014-05-01 03:25:00,1.63,46,53
2014-05-01 03:25:30,1.85,102,49
2014-05-01 03:26:00,1.96,81,56
2014-05-01 03:26:30,1.82,76,53
2014-05-01 03:27:00,1.8,96,60
2014-05-01 03:27:30,1.99,115,20
2014-05-01 03:28:00,2.03,106,53
2014-05-01 03:28:30,2.1,126,39
2014-05-01 03:29:00,1.72,83,21
2014-05-01 03:29:30,1.67,62,36
2014-05-01 03:30:00,1.76,95,37
2014-05-01 03:30:30,2.05,89,24
2014-05-01 03:31:00,1.62,76,43
2014-05-01 03:31:30,1.88,95,22
2014-05-01 03:32:00,1.94,77,37
2014-05-01 03:32:30,1.72,67,27
2014-05-01 03:33:00,1.8,77,39
2014-05-01 03:33:30,2.19,127,31
2014-05-01 03:34:00,1.65,71,33
2014-05-01 03:34:30,2.15,96,29
2014-05-01 03:35:00,2.12,113,24
2014-05-01 03:35:30,1.71,72,57
2014-05-01 03:36:00,2.03,83,39
2014-05-01 03:36:30,1.97,85,34
2014-05-01 03:37:00,2.15,97,49
2014-05-01 03:37:30,1.89,101,31
2014-05-01 03:38:00,1.79,80,37
2014-05-01 03:38:30,1.96,100,41
2014-05-01 03:39:00,1.82,84,29
2014-05-01 03:39:30,1.77,86,29
2014-05-01 03:40:00,1.82,69,48
2014-05-01 03:40:30,1.68,75,52
2014-05-01 03:41:00,2.11,99,44
2014-05-01 03:41:30,1.68,66,47
2014-05-01 03:42:00,1.9,88,29
2014-05-01 03:42:30,2.1,109,22
2014-05-01 03:43:00,1.9,83,53
2014-05-01 03:43:30,1.82,65,21
2014-05-01 03:44:00,2.05,93,38
2014-05-01 03:44:30,1.75,92,54
2014-05-01 03:45:00,2.19,131,46
2014-05-01 03:45:30,1.96,106,32
2014-05-01 03:46:00,1.84,86,43
2014-05-01 03:46:30,2.05,123,41
2014-05-01 03:47:00,2.06,108,32
2014-05-01 03:47:30,1.62,48,59
2014-05-01 03:48:00,1.77,85,28
2014-05-01 03:48:30,2.08,92,36
2014-05-01 03:49:00,2.07,105,46
2014-05-01 03:49:30,1.84,77,27
2014-05-01 03:50:00,2.06,121,21
2014-05-01 03:50:30,1.67,78,27
2014-05-01 03:51:00,2.13,123,56
2014-05-01 03:51:30,2.08,128,33
2014-05-01 03:52:00,1.65,56,30
2014-05-01 03:52:30,2.11,96,39
2014-05-01 03:53:00,1.71,70,48
2014-05-01 03:53:30,2.13,93,27
2014-05-01 03:54:00,1.73,77,25
2014-05-01 03:54:30,1.98,106,56
2014-05-01 03:55:00,2.1,109,40
2014-05-01 03:55:30,2.02,88,42
2014-05-01 03:56:00,1.94,77,44
2014-05-01 03:56:30,2.13,122,52
2014-05-01 03:57:00,1.72,89,28
2014-05-01 03:57:30,2.17,136,29
2014-05-01 03:58:00,1.67,56,24
2014-05-01 03:58:30,2.16,97,51
2014-05-01 03:59:00,1.79,82,39
2014-05-01 03:59:30,1.61,42,44
2014-05-01 04:00:00,1.86,84,35
2014-05-01 04:00:30,1.93,103,49
2014-05-01 04:01:00,1.62,52,22
2014-05-01 04:01:30,1.73,55,28
2014-05-01 04:02:00,2.16,115,42
2014-05-01 04:02:30,1.8,86,46
2014-05-01 04:03:00,1.86,91,42
2014-05-01 04:03:30,1.91,94,46
2014-05-01 04:04:00,1.83,87,30
2014-05-01 04:04:30,1.81,68,45
2014-05-01 04:05:00,1.82,69,55
2014-05-01 04:05:30,1.7,86,51
2014-05-01 04:06:00,2.05,93,25
2014-05-01 04:06:30,1.99,81,39
2014-05-01 04:07:00,1.74,77,42
2014-05-01 04:07:30,1.74,58,27
2014-05-01 04:08:00,1.76,75,47
2014-05-01 04:08:30,1.98,92,34
2014-05-01 04:09:00,1.76,86,36
2014-05-01 04:09:30,2.17,136,27
2014-05-01 04:10:00,2.01,118,41
2014-05-01 04:10:30,1.89,72,56
2014-05-01 04:11:00,2.14,98,26
2014-05-01 04:11:30,2.04,114,45
2014-05-01 04:12:00,1.96,104,36
2014-05-01 04:12:30,2.04,104,55
2014-05-01 04:13:00,1.93,86,54
2014-05-01 04:13:30,2.01,111,60
2014-05-01 04:14:00,2.09,101,56
2014-05-01 04:14:30,1.79,66,36
2014-05-01 04:15:00,2.05,92,45
2014-05-01 04:15:30,2.11,114,60
2014-05-01 04:16:00,1.99,81,47
2014-05-01 04:16:30,1.88,86,48
2014-05-01 04:17:00,1.63,66,20
2014-05-01 04:17:30,1.8,77,41
2014-05-01 04:18:00,2.01,100,43
2014-05-01 04:18:30,1.65,48,55
2014-05-01 04:19:00,1.94,111,57
2014-05-01 04:19:30,1.97,82,41
2014-05-01 04:20:00,1.86,76,44
2014-05-01 04:20:30,1.95,76,59
2014-05-01 04:21:00,1.99,93,34
2014-05-01 04:21:30,1.91,75,24
2014-05-01 04:22:00,1.75,68,22
2014-05-01 04:22:30,2.03,85,37
2014-05-01 04:23:00,2.03,121,59
2014-05-01 04:23:30,1.71,83,59
2014-05-01 04:24:00,2.13,98,30
2014-05-01 04:24:30,2.18,115,35
2014-05-01 04:25:00,1.7,56,38
2014-05-01 04:25:30,2.1,115,52
2014-05-01 04:26:00,2.11,119,30
2014-05-01 04:26:30,1.77,60,27
2014-05-01 04:27:00,1.62,60,38
2014-05-01 04:27:30,1.73,64,58
2014-05-01 04:28:00,2.14,98,43
2014-05-01 04:28:30,1.74,62,26
2014-05-01 04:29:00,1.73,84,24
2014-05-01 04:29:30,1.83,70,33
2014-05-01 04:30:00,1.84,74,50
2014-05-01 04:30:30,2.11,103,25
2014-05-01 04:31:00,2.01,99,47
2014-05-01 04:31:30,1.73,59,52
2014-05-01 04:32:00,1.96,116,24
2014-05-01 04:32:30,1.74,77,46
2014-05-01 04:33:00,1.91,107,37
2014-05-01 04:33:30,2.02,103,26
2014-05-01 04:34:00,2.18,114,44
2014-05-01 04:34:30,1.83,73,36
2014-05-01 04:35:00,1.85,102,31
2014-05-01 04:35:30,1.94,84,47
2014-05-01 04:36:00,1.68,80,46
2014-05-01 04:36:30,1.86,92,34
2014-05-01 04:37:00,1.73,69,42
2014-05-01 04:37:30,2.11,126,43
2014-05-01 04:38:00,2.06,124,39
2014-05-01 04:38:30,1.86,94,50
2014-05-01 04:39:00,1.63,73,34
2014-05-01 04:39:30,1.99,118,56
2014-05-01 04:40:00,1.69,86,29
2014-05-01 04:40:30,2.16,113,57
2014-05-01 04:41:00,1.74,73,29
2014-05-01 04:41:30,1.67,84,24
2014-05-01 04:42:00,1.62,69,49
2014-05-01 04:42:30,2.01,103,20
2014-05-01 04:43:00,1.91,83,58
2014-05-01 04:43:30,1.91,103,56
2014-05-01 04:44:00,1.65,81,40
2014-05-01 04:44:30,1.8,68,31
2014-05-01 04:45:00,1.64,69,37
2014-05-01 04:45:30,1.89,100,48
2014-05-01 04:46:00,2.06,108,23
2014-05-01 04:46:30,2,93,33
2014-05-01 04:47:00,1.8,81,30
2014-05-01 04:47:30,1.99,103,57
2014-05-01 04:48:00,1.75,55,53
2014-05-01 04:48:30,2.02,120,48
2014-05-01 04:49:00,1.96,79,32
2014-05-01 04:49:30,2.07,89,36
2014-05-01 04:50:00,1.76,79,58
2014-05-01 04:50:30,2.05,87,49
2014-05-01 04:51:00,2.15,101,56
2014-05-01 04:51:30,1.9,93,42
2014-05-01 04:52:00,2.04,120,23
2014-05-01 04:52:30,2.15,133,52
2014-05-01 04:53:00,1.72,84,33
2014-05-01 04:53:30,2.06,88,51
2014-05-01 04:54:00,1.88,88,39
2014-05-01 04:54:30,2.03,105,41
2014-05-01 04:55:00,2.06,99,35
2014-05-01 04:55:30,2.09,103,33
2014-05-01 04:56:00,1.75,90,58
2014-05-01 04:56:30,1.75,57,51
2014-05-01 04:57:00,2.12,130,46
2014-05-01 04:57:30,2.15,125,43
2014-05-01 04:58:00,1.96,107,20
2014-05-01 04:58:30,2.14,96,30
2014-05-01 04:59:00,1.67,56,58
2014-05-01 04:59:30,2.13,107,23
2014-05-01 05:00:00,2.06,113,25
2014-05-01 05:00:30,1.88,73,31
2014-05-01 05:01:00,1.81,97,54
2014-05-01 05:01:30,2.06,103,49
2014-05-01 05:02:00,1.61,60,25
2014-05-01 05:02:30,1.82,71,49
2014-05-01 05:03:00,2.05,114,40
2014-05-01 05:03:30,2.05,100,42
2014-05-01 05:04:00,1.65,49,50
2014-05-01 05:04:30,1.74,86,22
2014-05-01 05:05:00,1.69,66,58
2014-05-01 05:05:30,2.14,95,26
2014-05-01 05:06:00,1.65,75,22
2014-05-01 05:06:30,2.07,93,54
2014-05-01 05:07:00,1.7,79,55
2014-05-01 05:07:30,1.79,99,49
2014-05-01 05:08:00,1.64,69,32
2014-05-01 05:08:30,2.18,101,26
2014-05-01 05:09:00,2.05,110,36
2014-05-01 05:09:30,2.11,122,27
2014-05-01 05:10:00,2.12,107,53
2014-05-01 05:10:30,1.92,83,29
2014-05-01 05:11:00,1.76,83,41
2014-05-01 05:11:30,1.64,47,34
2014-05-01 05:12:00,1.99,110,37
2014-05-01 05:12:30,1.82,93,41
2014-05-01 05:13:00,1.99,107,29
2014-05-01 05:13:30,1.84,87,49
2014-05-01 05:14:00,2.09,104,57
2014-05-01 05:14:30,1.9,90,42
2014-05-01 05:15:00,1.7,74,58
2014-05-01 05:15:30,2.02,101,58
2014-05-01 05:16:00,1.97,109,27
2014-05-01 05:16:30,1.81,64,40
2014-05-01 05:17:00,1.84,93,33
2014-05-01 05:17:30,1.73,90,44
2014-05-01 05:18:00,1.65,75,45
2014-05-01 05:18:30,2.13,126,36
2014-05-01 05:19:00,1.71,58,46
2014-05-01 05:19:30,1.81,82,21
2014-05-01 05:20:00,2.09,92,27
2014-05-01 05:20:30,2.1,127,55
2014-05-01 05:21:00,2.03,118,28
2014-05-01 05:21:30,1.96,107,47
2014-05-01 05:22:00,1.66,84,36
2014-05-01 05:22:30,1.86,77,54
2014-05-01 05:23:00,1.92,79,36
2014-05-01 05:23:30,1.99,82,35
2014-05-01 05:24:00,1.83,77,45
2014-05-01 05:24:30,1.9,107,43
2014-05-01 05:25:00,2.11,101,31
2014-05-01 05:25:30,1.8,86,57
2014-05-01 05:26:00,1.77,90,53
2014-05-01 05:26:30,2.19,135,23
2014-05-01 05:27:00,2.17,117,23
2014-05-01 05:27:30,1.73,56,46
2014-05-01 05:28:00,1.9,95,37
2014-05-01 05:28:30,1.92,78,38
2014-05-01 05:29:00,1.68,49,38
2014-05-01 05:29:30,1.9,109,55
2014-05-01 05:30:00,1.87,92,44
2014-05-01 05:30:30,1.76,70,56
2014-05-01 05:31:00,1.91,80,28
2014-05-01 05:31:30,1.69,73,25
2014-05-01 05:32:00,1.79,78,59
2014-05-01 05:32:30,1.95,99,41
2014-05-01 05:33:00,1.62,72,36
2014-05-01 05:33:30,1.89,93,45
2014-05-01 05:34:00,1.79,88,24
2014-05-01 05:34:30,1.83,74,54
2014-05-01 05:35:00,1.93,87,22
2014-05-01 05:35:30,2.12,109,42
2014-05-01 05:36:00,2.18,129,55
2014-05-01 05:36:30,1.69,84,50
2014-05-01 05:37:00,2.11,102,45
2014-05-01 05:37:30,1.62,61,31
2014-05-01 05:38:00,2.06,105,21
2014-05-01 05:38:30,1.87,106,47
2014-05-01 05:39:00,1.81,78,26
2014-05-01 05:39:30,1.86,74,59
2014-05-01 05:40:00,1.7,87,34
2014-05-01 05:40:30,2.07,88,45
2014-05-01 05:41:00,1.86,82,26
2014-05-01 05:41:30,1.8,75,52
2014-05-01 05:42:00,1.88,77,43
2014-05-01 05:42:30,1.75,89,40
2014-05-01 05:43:00,1.93,82,37
2014-05-01 05:43:30,1.99,96,31
2014-05-01 05:44:00,1.8,78,49
2014-05-01 05:44:30,2.09,110,53
2014-05-01 05:45:00,1.63,59,49
2014-05-01 05:45:30,2.16,111,42
2014-05-01 05:46:00,1.71,54,60
2014-05-01 05:46:30,1.6,70,28
2014-05-01 05:47:00,1.96,84,55
2014-05-01 05:47:30,1.66,55,50
2014-05-01 05:48:00,1.78,85,26
2014-05-01 05:48:30,1.94,88,53
2014-05-01 05:49:00,1.8,79,40
2014-05-01 05:49:30,1.96,86,24
2014-05-01 05:50:00,1.94,106,25
2014-05-01 05:50:30,1.76,78,57
2014-05-01 05:51:00,1.63,54,29
2014-05-01 05:51:30,1.97,104,53
2014-05-01 05:52:00,1.84,96,21
2014-05-01 05:52:30,2.07,97,55
2014-05-01 05:53:00,2.09,95,42
2014-05-01 05:53:30,2.11,95,40
2014-05-01 05:54:00,2.11,122,58
2014-05-01 05:54:30,2.05,110,52
2014-05-01 05:55:00,1.83,85,31
2014-05-01 05:55:30,1.97,114,53
2014-05-01 05:56:00,1.91,88,28
2014-05-01 05:56:30,1.74,65,42
2014-05-01 05:57:00,1.98,92,52
2014-05-01 05:57:30,1.76,63,37
2014-05-01 05:58:00,2.05,103,60
2014-05-01 05:58:30,1.62,45,24
2014-05-01 05:59:00,2.11,127,54
2014-05-01 05:59:30,1.67,64,44
2014-05-01 06:00:00,1.7,58,33
2014-05-01 06:00:30,1.81,99,40
2014-05-01 06:01:00,2.08,106,36
2014-05-01 06:01:30,1.67,65,58
2014-05-01 06:02:00,2.09,125,29
2014-05-01 06:02:30,1.8,77,41
2014-05-01 06:03:00,1.7,62,43
2014-05-01 06:03:30,1.75,90,51
2014-05-01 06:04:00,1.85,91,34
2014-05-01 06:04:30,2.02,84,55
2014-05-01 06:05:00,1.65,68,27
2014-05-01 06:05:30,1.72,80,23
2014-05-01 06:06:00,2.15,123,42
2014-05-01 06:06:30,1.63,49,21
2014-05-01 06:07:00,1.73,86,60
2014-05-01 06:07:30,1.87,91,41
2014-05-01 06:08:00,1.72,64,25
2014-05-01 06:08:30,1.87,68,41
2014-05-01 06:09:00,1.78,74,22
2014-05-01 06:09:30,1.87,104,34
2014-05-01 06:10:00,1.76,94,52
2014-05-01 06:10:30,1.79,75,42
2014-05-01 06:11:00,1.8,87,37
2014-05-01 06:11:30,2.18,99,33
2014-05-01 06:12:00,2.03,85,42
2014-05-01 06:12:30,1.98,87,31
2014-05-01 06:13:00,1.75,82,35
2014-05-01 06:13:30,1.75,66,35
2014-05-01 06:14:00,1.98,104,51
2014-05-01 06:14:30,1.93,85,38
2014-05-01 06:15:00,1.66,64,49
2014-05-01 06:15:30,1.71,73,60
2014-05-01 06:16:00,2.04,97,48
2014-05-01 06:16:30,2.13,122,21
2014-05-01 06:17:00,1.92,77,52
2014-05-01 06:17:30,1.84,78,46
2014-05-01 06:18:00,1.89,95,40
2014-05-01 06:18:30,1.73,55,22
2014-05-01 06:19:00,2.04,116,43
2014-05-01 06:19:30,1.83,100,60
2014-05-01 06:20:00,1.98,84,25
2014-05-01 06:20:30,1.69,88,33
2014-05-01 06:21:00,2.17,137,28
2014-05-01 06:21:30,1.95,89,52
2014-05-01 06:22:00,1.82,84,46
2014-05-01 06:22:30,2.17,137,48
2014-05-01 06:23:00,1.76,74,24
2014-05-01 06:23:30,1.61,76,46
2014-05-01 06:24:00,1.8,91,47
2014-05-01 06:24:30,2.08,107,24
2014-05-01 06:25:00,1.8,93,33
2014-05-01 06:25:30,1.69,88,24
2014-05-01 06:26:00,1.77,87,29
2014-05-01 06:26:30,1.63,66,60
2014-05-01 06:27:00,1.86,86,25
2014-05-01 06:27:30,2.17,102,29
2014-05-01 06:28:00,1.66,69,29
2014-05-01 06:28:30,2.04,104,52
2014-05-01 06:29:00,2,103,49
2014-05-01 06:29:30,2.02,87,34
2014-05-01 06:30:00,1.81,78,21
2014-05-01 06:30:30,2.2,107,46
2014-05-01 06:31:00,1.83,64,27
2014-05-01 06:31:30,2.09,118,36
2014-05-01 06:32:00,2.09,93,58
2014-05-01 06:32:30,1.98,88,39
2014-05-01 06:33:00,1.65,56,31
2014-05-01 06:33:30,2.01,111,24
2014-05-01 06:34:00,1.92,72,20
2014-05-01 06:34:30,1.98,109,55
2014-05-01 06:35:00,2.12,103,32
2014-05-01 06:35:30,1.91,79,23
2014-05-01 06:36:00,1.92,82,59
2014-05-01 06:36:30,2.11,102,47
2014-05-01 06:37:00,1.99,80,22
2014-05-01 06:37:30,1.96,106,36
2014-05-01 06:38:00,1.67,83,35
2014-05-01 06:38:30,1.62,64,33
2014-05-01 06:39:00,2.09,104,24
2014-05-01 06:39:30,2.17,132,41
2014-05-01 06:40:00,1.88,77,25
2014-05-01 06:40:30,1.9,88,29
2014-05-01 06:41:00,2.18,126,48
2014-05-01 06:41:30,1.76,83,53
2014-05-01 06:42:00,2.17,98,31
2014-05-01 06:42:30,2.06,110,24
2014-05-01 06:43:00,1.76,80,21
2014-05-01 06:43:30,1.88,92,56
2014-05-01 06:44:00,1.93,111,37
2014-05-01 06:44:30,1.91,89,36
2014-05-01 06:45:00,1.68,74,54
2014-05-01 06:45:30,2.07,94,40
2014-05-01 06:46:00,1.79,86,50
2014-05-01 06:46:30,2.06,103,22
2014-05-01 06:47:00,1.88,84,25
2014-05-01 06:47:30,2.11,125,49
2014-05-01 06:48:00,1.87,107,22
2014-05-01 06:48:30,1.86,67,56
2014-05-01 06:49:00,1.64,72,27
2014-05-01 06:49:30,2.13,111,38
2014-05-01 06:50:00,1.62,45,34
2014-05-01 06:50:30,1.85,70,30
2014-05-01 06:51:00,1.71,83,46
2014-05-01 06:51:30,1.69,80,46
2014-05-01 06:52:00,1.84,102,25
2014-05-01 06:52:30,1.9,80,55
2014-05-01 06:53:00,1.82,92,22
2014-05-01 06:53:30,2.09,120,23
2014-05-01 06:54:00,2,114,27
2014-05-01 06:54:30,2.09,108,51
2014-05-01 06:55:00,2.19,99,42
2014-05-01 06:55:30,1.94,86,39
2014-05-01 06:56:00,2.08,117,35
2014-05-01 06:56:30,2.11,119,35
2014-05-01 06:57:00,1.7,78,46
2014-05-01 06:57:30,2,112,37
2014-05-01 06:58:00,1.63,72,34
2014-05-01 06:58:30,1.86,103,26
2014-05-01 06:59:00,1.87,100,35
2014-05-01 06:59:30,1.86,101,52
2014-05-01 07:00:00,1.82,95,25
2014-05-01 07:00:30,2.02,103,36
2014-05-01 07:01:00,1.87,70,32
2014-05-01 07:01:30,1.94,100,52
2014-05-01 07:02:00,1.77,91,34
2014-05-01 07:02:30,2.17,111,57
2014-05-01 07:03:00,2.03,121,52
2014-05-01 07:03:30,1.94,107,51
2014-05-01 07:04:00,2.18,122,21
2014-05-01 07:04:30,1.8,74,26
2014-05-01 07:05:00,1.69,86,44
2014-05-01 07:05:30,2.01,85,60
2014-05-01 07:06:00,1.75,75,22
2014-05-01 07:06:30,1.9,104,42
2014-05-01 07:07:00,2.19,115,26
2014-05-01 07:07:30,1.98,107,50
2014-05-01 07:08:00,2.01,96,33
2014-05-01 07:08:30,2.16,109,33
2014-05-01 07:09:00,1.61,46,28
2014-05-01 07:09:30,1.77,72,55
2014-05-01 07:10:00,1.8,80,53
2014-05-01 07:10:30,1.84,65,34
2014-05-01 07:11:00,1.93,102,21
2014-05-01 07:11:30,1.78,78,28
2014-05-01 07:12:00,1.96,99,50
2014-05-01 07:12:30,2.03,98,47
2014-05-01 07:13:00,1.74,73,34
2014-05-01 07:13:30,1.73,56,56
2014-05-01 07:14:00,1.68,84,48
2014-05-01 07:14:30,2.1,116,28
2014-05-01 07:15:00,2.08,122,57
2014-05-01 07:15:30,2.11,112,23
2014-05-01 07:16:00,2.19,138,57
2014-05-01 07:16:30,1.92,110,54
2014-05-01 07:17:00,1.63,55,40
2014-05-01 07:17:30,2.19,130,33
2014-05-01 07:18:00,1.78,93,54
2014-05-01 07:18:30,1.66,81,33
2014-05-01 07:19:00,1.95,78,51
2014-05-01 07:19:30,1.97,91,51
2014-05-01 07:20:00,1.65,83,20
2014-05-01 07:20:30,1.84,92,30
2014-05-01 07:21:00,1.72,62,55
2014-05-01 07:21:30,1.73,63,32
2014-05-01 07:22:00,1.99,116,31
2014-05-01 07:22:30,2.19,117,33
2014-05-01 07:23:00,2.14,116,22
2014-05-01 07:23:30,1.7,70,22
2014-05-01 07:24:00,2,113,30
2014-05-01 07:24:30,2.09,116,47
2014-05-01 07:25:00,1.84,90,40
2014-05-01 07:25:30,2.2,121,32
2014-05-01 07:26:00,1.8,99,50
2014-05-01 07:26:30,1.63,67,33
2014-05-01 07:27:00,1.69,76,36
2014-05-01 07:27:30,1.9,77,32
2014-05-01 07:28:00,2.1,120,37
2014-05-01 07:28:30,1.83,83,25
2014-05-01 07:29:00,2.04,111,32
2014-05-01 07:29:30,1.96,96,43
2014-05-01 07:30:00,1.74,76,32
2014-05-01 07:30:30,1.79,97,42
2014-05-01 07:31:00,2.13,131,55
2014-05-01 07:31:30,2.14,132,51
2014-05-01 07:32:00,1.75,85,39
2014-05-01 07:32:30,1.69,79,24
2014-05-01 07:33:00,2.06,117,43
2014-05-01 07:33:30,1.93,74,39
2014-05-01 07:34:00,1.75,65,47
2014-05-01 07:34:30,2.19,109,45
2014-05-01 07:35:00,2.07,111,52
2014-05-01 07:35:30,2.02,103,50
2014-05-01 07:36:00,1.83,71,50
2014-05-01 07:36:30,2.13,113,24
2014-05-01 07:37:00,1.81,93,50
2014-05-01 07:37:30,1.88,101,25
2014-05-01 07:38:00,1.86,91,28
2014-05-01 07:38:30,2.12,106,46
2014-05-01 07:39:00,1.97,84,55
2014-05-01 07:39:30,1.62,45,39
2014-05-01 07:40:00,1.77,68,47
2014-05-01 07:40:30,1.78,58,43
2014-05-01 07:41:00,1.92,101,34
2014-05-01 07:41:30,1.61,78,47
2014-05-01 07:42:00,1.85,95,52
2014-05-01 07:42:30,2.11,104,46
2014-05-01 07:43:00,2.16,122,26
2014-05-01 07:43:30,1.8,60,23
2014-05-01 07:44:00,2.1,107,56
2014-05-01 07:44:30,1.69,60,45
2014-05-01 07:45:00,2.08,106,46
2014-05-01 07:45:30,1.76,75,46
2014-05-01 07:46:00,1.64,82,34
2014-05-01 07:46:30,1.83,74,53
2014-05-01 07:47:00,1.79,92,23
2014-05-01 07:47:30,1.99,87,20
2014-05-01 07:48:00,1.77,65,31
2014-05-01 07:48:30,1.99,118,55
2014-05-01 07:49:00,2.14,98,21
2014-05-01 07:49:30,1.66,79,56
2014-05-01 07:50:00,1.88,104,47
2014-05-01 07:50:30,1.83,93,26
2014-05-01 07:51:00,1.75,89,22
2014-05-01 07:51:30,1.68,55,36
2014-05-01 07:52:00,1.74,88,46
2014-05-01 07:52:30,1.65,58,53
2014-05-01 07:53:00,1.85,90,39
2014-05-01 07:53:30,1.93,83,49
2014-05-01 07:54:00,1.66,70,39
2014-05-01 07:54:30,1.77,68,49
2014-05-01 07:55:00,2.07,94,49
2014-05-01 07:55:30,1.68,67,21
2014-05-01 07:56:00,2.13,103,25
2014-05-01 07:56:30,2.05,103,39
2014-05-01 07:57:00,2.03,88,48
2014-05-01 07:57:30,1.72,64,58
2014-05-01 07:58:00,1.9,74,44
2014-05-01 07:58:30,1.98,112,27
2014-05-01 07:59:00,1.93,83,34
2014-05-01 07:59:30,2.15,115,44
2014-05-01 08:00:00,1.72,78,47
2014-05-01 08:00:30,1.62,43,43
2014-05-01 08:01:00,1.68,65,60
2014-05-01 08:01:30,1.61,58,58
2014-05-01 08:02:00,2,89,21
2014-05-01 08:02:30,2.07,106,42
2014-05-01 08:03:00,1.87,102,57
2014-05-01 08:03:30,2.08,90,52
2014-05-01 08:04:00,2.13,108,55
2014-05-01 08:04:30,2.14,104,38
2014-05-01 08:05:00,2.15,126,27
2014-05-01 08:05:30,1.98,82,54
2014-05-01 08:06:00,1.8,68,24
2014-05-01 08:06:30,1.94,112,34
2014-05-01 08:07:00,2.14,122,28
2014-05-01 08:07:30,2.06,121,56
2014-05-01 08:08:00,1.69,81,48
2014-05-01 08:08:30,2.11,118,24
2014-05-01 08:09:00,2.09,125,29
2014-05-01 08:09:30,1.8,68,42
2014-05-01 08:10:00,2.04,101,49
2014-05-01 08:10:30,2.04,113,60
2014-05-01 08:11:00,1.77,90,45
2014-05-01 08:11:30,1.88,75,53
2014-05-01 08:12:00,1.86,105,50
2014-05-01 08:12:30,1.94,99,58
2014-05-01 08:13:00,1.74,76,21
2014-05-01 08:13:30,1.91,87,53
2014-05-01 08:14:00,1.89,90,36
2014-05-01 08:14:30,2.14,104,31
2014-05-01 08:15:00,1.71,69,36
2014-05-01 08:15:30,2.02,100,27
2014-05-01 08:16:00,2.07,100,46
2014-05-01 08:16:30,2.13,129,31
2014-05-01 08:17:00,1.96,91,53
2014-05-01 08:17:30,1.89,73,47
2014-05-01 08:18:00,2.09,91,55
2014-05-01 08:18:30,1.62,54,49
2014-05-01 08:19:00,2.12,110,21
2014-05-01 08:19:30,1.87,77,40
2014-05-01 08:20:00,1.91,98,56
2014-05-01 08:20:30,2.09,123,48
2014-05-01 08:21:00,2,112,21
2014-05-01 08:21:30,1.77,91,58
2014-05-01 08:22:00,1.87,83,56
2014-05-01 08:22:30,1.87,89,52
2014-05-01 08:23:00,1.66,84,54
2014-05-01 08:23:30,2.01,101,48
2014-05-01 08:24:00,1.76,57,25
2014-05-01 08:24:30,1.98,88,34
2014-05-01 08:25:00,1.61,71,43
2014-05-01 08:25:30,1.61,51,28
2014-05-01 08:26:00,1.65,73,39
2014-05-01 08:26:30,1.72,58,44
2014-05-01 08:27:00,2.18,131,23
2014-05-01 08:27:30,2.03,84,37
2014-05-01 08:28:00,1.82,96,27
2014-05-01 08:28:30,1.61,79,48
2014-05-01 08:29:00,1.78,77,31
2014-05-01 08:29:30,2.01,113,52
2014-05-01 08:30:00,2.1,108,52
2014-05-01 08:30:30,1.81,98,22
2014-05-01 08:31:00,1.8,86,51
2014-05-01 08:31:30,1.79,80,38
2014-05-01 08:32:00,2.06,119,53
2014-05-01 08:32:30,2.18,136,43
2014-05-01 08:33:00,2.1,115,32
2014-05-01 08:33:30,2.12,119,30
2014-05-01 08:34:00,1.63,76,30
2014-05-01 08:34:30,2.06,119,22
2014-05-01 08:35:00,1.69,70,24
2014-05-01 08:35:30,2.02,93,30
2014-05-01 08:36:00,2,88,48
2014-05-01 08:36:30,1.68,53,48
2014-05-01 08:37:00,2.19,121,52
2014-05-01 08:37:30,1.62,61,46
2014-05-01 08:38:00,1.64,73,23
2014-05-01 08:38:30,1.92,105,22
2014-05-01 08:39:00,2.01,92,20
2014-05-01 08:39:30,2.13,114,28
2014-05-01 08:40:00,1.66,57,26
2014-05-01 08:40:30,1.63,46,48
2014-05-01 08:41:00,1.62,54,52
2014-05-01 08:41:30,2.16,122,42
2014-05-01 08:42:00,1.86,82,36
2014-05-01 08:42:30,1.89,83,50
2014-05-01 08:43:00,1.6,40,53
2014-05-01 08:43:30,1.76,84,49
2014-05-01 08:44:00,1.95,96,45
2014-05-01 08:44:30,1.94,86,25
2014-05-01 08:45:00,1.78,64,50
2014-05-01 08:45:30,1.86,96,32
2014-05-01 08:46:00,1.87,91,29
2014-05-01 08:46:30,2.13,125,23
2014-05-01 08:47:00,1.82,73,44
2014-05-01 08:47:30,1.92,78,39
2014-05-01 08:48:00,1.73,83,24
2014-05-01 08:48:30,2.16,121,22
2014-05-01 08:49:00,1.72,70,38
2014-05-01 08:49:30,2.06,103,54
2014-05-01 08:50:00,1.7,68,50
2014-05-01 08:50:30,1.74,71,38
2014-05-01 08:51:00,2,118,40
2014-05-01 08:51:30,1.86,78,25
2014-05-01 08:52:00,1.76,90,34
2014-05-01 08:52:30,2.11,95,24
2014-05-01 08:53:00,1.96,105,52
2014-05-01 08:53:30,2.12,100,55
2014-05-01 08:54:00,1.89,89,21
2014-05-01 08:54:30,1.61,81,44
2014-05-01 08:55:00,2.01,114,53
2014-05-01 08:55:30,1.86,104,21
2014-05-01 08:56:00,2.02,84,57
2014-05-01 08:56:30,2,102,60
2014-05-01 08:57:00,2.1,102,37
2014-05-01 08:57:30,1.95,89,35
2014-05-01 08:58:00,1.88,91,22
2014-05-01 08:58:30,1.83,65,35
2014-05-01 08:59:00,2.03,122,45
2014-05-01 08:59:30,1.93,97,52
2014-05-01 09:00:00,1.69,68,38
2014-05-01 09:00:30,1.68,88,30
2014-05-01 09:01:00,2.04,107,25
2014-05-01 09:01:30,2,111,38
2014-05-01 09:02:00,2.01,100,41
2014-05-01 09:02:30,2.01,117,31
2014-05-01 09:03:00,2.13,125,30
2014-05-01 09:03:30,1.97,113,35
2014-05-01 09:04:00,2.08,102,48
2014-05-01 09:04:30,2.07,101,32
2014-05-01 09:05:00,1.76,62,39
2014-05-01 09:05:30,2.18,108,27
2014-05-01 09:06:00,1.79,85,24
2014-05-01 09:06:30,2.05,113,38
2014-05-01 09:07:00,2.07,90,56
2014-05-01 09:07:30,1.9,88,49
2014-05-01 09:08:00,1.75,82,42
2014-05-01 09:08:30,1.76,71,42
2014-05-01 09:09:00,1.91,82,50
2014-05-01 09:09:30,1.93,81,46
2014-05-01 09:10:00,1.64,80,42
2014-05-01 09:10:30,1.95,101,40
2014-05-01 09:11:00,1.98,109,41
2014-05-01 09:11:30,2.12,120,42
2014-05-01 09:12:00,1.64,47,56
2014-05-01 09:12:30,1.64,64,24
2014-05-01 09:13:00,1.85,104,42
2014-05-01 09:13:30,2.16,108,29
2014-05-01 09:14:00,1.74,63,42
2014-05-01 09:14:30,1.84,70,34
2014-05-01 09:15:00,1.88,87,28
2014-05-01 09:15:30,2,99,58
2014-05-01 09:16:00,1.62,62,33
2014-05-01 09:16:30,1.61,73,56
2014-05-01 09:17:00,1.75,67,21
2014-05-01 09:17:30,2.17,105,30
2014-05-01 09:18:00,2.16,104,35
2014-05-01 09:18:30,2.16,121,39
2014-05-01 09:19:00,2.1,129,56
2014-05-01 09:19:30,1.69,70,50
2014-05-01 09:20:00,2.15,124,56
2014-05-01 09:20:30,1.61,56,24
2014-05-01 09:21:00,2.01,100,42
2014-05-01 09:21:30,1.91,86,21
2014-05-01 09:22:00,1.83,95,27
2014-05-01 09:22:30,1.88,71,46
2014-05-01 09:23:00,2.01,94,43
2014-05-01 09:23:30,2.06,107,53
2014-05-01 09:24:00,1.9,99,26
2014-05-01 09:24:30,2.17,105,57
2014-05-01 09:25:00,1.7,88,48
2014-05-01 09:25:30,1.62,50,30
2014-05-01 09:26:00,2.01,109,45
2014-05-01 09:26:30,2.06,101,36
2014-05-01 09:27:00,1.65,79,23
2014-05-01 09:27:30,2.18,114,53
2014-05-01 09:28:00,1.93,113,59
2014-05-01 09:28:30,1.83,72,35
2014-05-01 09:29:00,1.96,106,33
2014-05-01 09:29:30,1.87,80,45
2014-05-01 09:30:00,2.01,105,52
2014-05-01 09:30:30,2.19,134,32
2014-05-01 09:31:00,2.14,109,38
2014-05-01 09:31:30,1.98,113,31
2014-05-01 09:32:00,2.16,102,36
2014-05-01 09:32:30,1.72,61,55
2014-05-01 09:33:00,1.98,83,34
2014-05-01 09:33:30,2.17,111,21
2014-05-01 09:34:00,2.11,100,55
2014-05-01 09:34:30,1.85,85,22
2014-05-01 09:35:00,2.14,104,47
2014-05-01 09:35:30,1.89,80,49
2014-05-01 09:36:00,1.65,60,43
2014-05-01 09:36:30,1.7,62,52
2014-05-01 09:37:00,1.97,106,58
2014-05-01 09:37:30,1.77,64,30
2014-05-01 09:38:00,2.07,125,44
2014-05-01 09:38:30,1.68,66,32
2014-05-01 09:39:00,1.89,102,52
2014-05-01 09:39:30,1.98,114,49
2014-05-01 09:40:00,1.68,82,37
2014-05-01 09:40:30,1.7,54,47
2014-05-01 09:41:00,1.87,86,39
2014-05-01 09:41:30,1.74,60,35
2014-05-01 09:42:00,2.08,104,30
2014-05-01 09:42:30,2.06,107,44
2014-05-01 09:43:00,2.04,110,52
2014-05-01 09:43:30,1.77,92,54
2014-05-01 09:44:00,1.93,101,40
2014-05-01 09:44:30,2.02,120,31
2014-05-01 09:45:00,2.16,117,54
2014-05-01 09:45:30,1.73,64,58
2014-05-01 09:46:00,1.62,70,24
2014-05-01 09:46:30,1.92,98,53
2014-05-01 09:47:00,2.15,99,28
2014-05-01 09:47:30,1.75,62,34
2014-05-01 09:48:00,1.75,75,48
2014-05-01 09:48:30,1.77,95,47
2014-05-01 09:49:00,2.14,131,46
2014-05-01 09:49:30,2.03,111,22
2014-05-01 09:50:00,1.88,73,39
2014-05-01 09:50:30,2.08,105,45
2014-05-01 09:51:00,2.19,134,28
2014-05-01 09:51:30,1.91,85,46
2014-05-01 09:52:00,1.83,97,52
2014-05-01 09:52:30,2,114,36
2014-05-01 09:53:00,1.97,115,28
2014-05-01 09:53:30,1.98,112,52
2014-05-01 09:54:00,2.05,112,51
2014-05-01 09:54:30,2.16,116,51
2014-05-01 09:55:00,1.66,67,53
2014-05-01 09:55:30,2.15,111,42
2014-05-01 09:56:00,1.8,77,38
2014-05-01 09:56:30,1.86,102,35
2014-05-01 09:57:00,2,103,43
2014-05-01 09:57:30,2.09,106,22
2014-05-01 09:58:00,2.15,124,45
2014-05-01 09:58:30,1.78,79,21
2014-05-01 09:59:00,2.19,129,46
2014-05-01 09:59:30,1.85,97,47
2014-05-01 10:00:00,1.76,74,22
2014-05-01 10:00:30,2.17,109,38
2014-05-01 10:01:00,1.91,91,34
2014-05-01 10:01:30,1.89,93,26
2014-05-01 10:02:00,1.63,46,54
2014-05-01 10:02:30,2.15,130,39
2014-05-01 10:03:00,2.01,117,55
2014-05-01 10:03:30,2.1,97,23
2014-05-01 10:04:00,2.1,99,25
2014-05-01 10:04:30,1.77,88,32
2014-05-01 10:05:00,1.9,75,46
2014-05-01 10:05:30,1.99,84,32
2014-05-01 10:06:00,1.69,62,37
2014-05-01 10:06:30,1.9,75,22
2014-05-01 10:07:00,2.15,134,27
2014-05-01 10:07:30,1.96,98,27
2014-05-01 10:08:00,1.74,64,49
2014-05-01 10:08:30,1.82,64,38
2014-05-01 10:09:00,2.02,88,56
2014-05-01 10:09:30,2.19,114,45
2014-05-01 10:10:00,1.64,83,56
2014-05-01 10:10:30,1.86,94,34
2014-05-01 10:11:00,2.04,101,48
2014-05-01 10:11:30,1.94,103,45
2014-05-01 10:12:00,1.88,68,38
2014-05-01 10:12:30,1.85,94,51
2014-05-01 10:13:00,2.03,84,49
2014-05-01 10:13:30,1.84,84,47
2014-05-01 10:14:00,2.1,109,46
2014-05-01 10:14:30,1.97,102,32
2014-05-01 10:15:00,1.85,72,58
2014-05-01 10:15:30,1.83,76,25
2014-05-01 10:16:00,1.8,61,41
2014-05-01 10:16:30,2.11,98,27
2014-05-01 10:17:00,2.1,116,52
2014-05-01 10:17:30,1.64,76,27
2014-05-01 10:18:00,1.79,97,41
2014-05-01 10:18:30,1.82,66,54
2014-05-01 10:19:00,1.73,92,40
2014-05-01 10:19:30,1.7,73,57
2014-05-01 10:20:00,1.83,72,32
2014-05-01 10:20:30,2.03,84,45
2014-05-01 10:21:00,1.99,105,40
2014-05-01 10:21:30,1.64,64,25
2014-05-01 10:22:00,1.76,77,41
2014-05-01 10:22:30,2,89,38
2014-05-01 10:23:00,1.9,105,44
2014-05-01 10:23:30,1.96,100,28
2014-05-01 10:24:00,2.13,124,46
2014-05-01 10:24:30,1.94,101,42
2014-05-01 10:25:00,2.06,118,37
2014-05-01 10:25:30,1.62,51,47
2014-05-01 10:26:00,1.84,98,41
2014-05-01 10:26:30,1.69,49,59
2014-05-01 10:27:00,1.73,78,21
2014-05-01 10:27:30,2.07,104,21
2014-05-01 10:28:00,2.18,121,45
2014-05-01 10:28:30,1.7,58,47
2014-05-01 10:29:00,1.91,91,27
2014-05-01 10:29:30,1.94,88,20
2014-05-01 10:30:00,1.7,67,44
2014-05-01 10:30:30,2.09,118,31
2014-05-01 10:31:00,2.01,83,40
2014-05-01 10:31:30,1.79,92,42
2014-05-01 10:32:00,2,107,54
2014-05-01 10:32:30,1.78,95,59
2014-05-01 10:33:00,1.95,89,34
2014-05-01 10:33:30,1.77,84,38
2014-05-01 10:34:00,1.7,89,57
2014-05-01 10:34:30,2.04,101,45
2014-05-01 10:35:00,2.11,108,45
2014-05-01 10:35:30,1.87,105,56
2014-05-01 10:36:00,1.6,79,35
2014-05-01 10:36:30,2.04,107,50
2014-05-01 10:37:00,2.14,121,31
2014-05-01 10:37:30,2.13,103,47
2014-05-01 10:38:00,1.86,89,36
2014-05-01 10:38:30,1.67,84,37
2014-05-01 10:39:00,1.69,74,58
2014-05-01 10:39:30,2.14,106,39
2014-05-01 10:40:00,1.89,84,39
2014-05-01 10:40:30,1.73,75,27
2014-05-01 10:41:00,2.02,104,54
2014-05-01 10:41:30,1.66,51,60
2014-05-01 10:42:00,2.19,121,55
2014-05-01 10:42:30,1.95,77,29
2014-05-01 10:43:00,1.97,83,26
2014-05-01 10:43:30,1.66,83,59
2014-05-01 10:44:00,2.03,95,23
2014-05-01 10:44:30,1.78,85,27
2014-05-01 10:45:00,2.05,98,25
2014-05-01 10:45:30,2.17,114,38
2014-05-01 10:46:00,1.93,96,27
2014-05-01 10:46:30,2.17,121,29
2014-05-01 10:47:00,1.86,68,29
2014-05-01 10:47:30,1.77,58,52
2014-05-01 10:48:00,1.83,99,39
2014-05-01 10:48:30,1.79,86,26
2014-05-01 10:49:00,1.88,84,20
2014-05-01 10:49:30,1.78,63,45
2014-05-01 10:50:00,1.63,45,36
2014-05-01 10:50:30,2.03,113,33
2014-05-01 10:51:00,1.62,74,53
2014-05-01 10:51:30,1.74,79,29
2014-05-01 10:52:00,1.96,112,38
2014-05-01 10:52:30,1.9,100,25
2014-05-01 10:53:00,1.93,74,40
2014-05-01 10:53:30,1.61,55,60
2014-05-01 10:54:00,2.09,119,49
2014-05-01 10:54:30,1.78,95,60
2014-05-01 10:55:00,1.64,80,48
2014-05-01 10:55:30,1.65,75,35
2014-05-01 10:56:00,1.63,48,31
2014-05-01 10:56:30,2.2,107,33
2014-05-01 10:57:00,1.64,62,41
2014-05-01 10:57:30,1.92,76,54
2014-05-01 10:58:00,1.67,50,58
2014-05-01 10:58:30,2.18,126,27
2014-05-01 10:59:00,1.93,91,29
2014-05-01 10:59:30,1.62,74,51
2014-05-01 11:00:00,2.11,121,43
2014-05-01 11:00:30,1.74,71,58
2014-05-01 11:01:00,2.15,120,21
2014-05-01 11:01:30,2.17,129,33
2014-05-01 11:02:00,2.12,107,32
2014-05-01 11:02:30,1.65,81,34
2014-05-01 11:03:00,1.78,82,50
2014-05-01 11:03:30,1.87,102,57
2014-05-01 11:04:00,1.64,64,33
2014-05-01 11:04:30,2.11,103,23
2014-05-01 11:05:00,1.85,84,29
2014-05-01 11:05:30,2,92,29
2014-05-01 11:06:00,2.05,101,35
2014-05-01 11:06:30,2.05,115,47
2014-05-01 11:07:00,2.19,108,57
2014-05-01 11:07:30,1.8,68,56
2014-05-01 11:08:00,2,104,36
2014-05-01 11:08:30,1.83,78,25
2014-05-01 11:09:00,2.11,126,58
2014-05-01 11:09:30,1.72,63,46
2014-05-01 11:10:00,1.94,87,51
2014-05-01 11:10:30,2.17,127,57
2014-05-01 11:11:00,1.71,73,50
2014-05-01 11:11:30,1.88,108,24
2014-05-01 11:12:00,1.71,70,22
2014-05-01 11:12:30,2.12,93,24
2014-05-01 11:13:00,1.98,78,55
2014-05-01 11:13:30,2,108,22
2014-05-01 11:14:00,2.18,132,57
2014-05-01 11:14:30,2,104,30
2014-05-01 11:15:00,1.8,95,55
2014-05-01 11:15:30,1.84,84,26
2014-05-01 11:16:00,1.66,54,56
2014-05-01 11:16:30,1.95,98,30
2014-05-01 11:17:00,1.65,70,50
2014-05-01 11:17:30,1.9,92,31
2014-05-01 11:18:00,1.95,89,48
2014-05-01 11:18:30,2.12,110,32
2014-05-01 11:19:00,2.09,119,54
2014-05-01 11:19:30,1.92,86,54
2014-05-01 11:20:00,2,101,55
2014-05-01 11:20:30,2.16,97,52
2014-05-01 11:21:00,1.76,62,49
2014-05-01 11:21:30,2.09,119,31
2014-05-01 11:22:00,1.67,82,48
2014-05-01 11:22:30,1.95,86,49
2014-05-01 11:23:00,1.97,98,43
2014-05-01 11:23:30,1.92,92,26
2014-05-01 11:24:00,2.19,134,51
2014-05-01 11:24:30,1.63,61,21
2014-05-01 11:25:00,2.06,89,37
2014-05-01 11:25:30,2,114,21
2014-05-01 11:26:00,2.13,111,36
2014-05-01 11:26:30,1.82,92,51
2014-05-01 11:27:00,1.87,78,22
2014-05-01 11:27:30,1.91,102,60
2014-05-01 11:28:00,1.84,65,29
2014-05-01 11:28:30,1.9,81,49
2014-05-01 11:29:00,1.88,106,52
2014-05-01 11:29:30,1.94,84,43
2014-05-01 11:30:00,1.98,92,25
2014-05-01 11:30:30,1.86,79,44
2014-05-01 11:31:00,1.67,84,30
2014-05-01 11:31:30,1.81,84,31
2014-05-01 11:32:00,1.74,86,60
2014-05-01 11:32:30,1.95,96,55
2014-05-01 11:33:00,2.1,105,39
2014-05-01 11:33:30,1.93,110,48
2014-05-01 11:34:00,1.86,100,24
2014-05-01 11:34:30,2.18,117,32
2014-05-01 11:35:00,2.15,103,25
2014-05-01 11:35:30,1.63,75,30
2014-05-01 11:36:00,1.71,71,39
2014-05-01 11:36:30,2.11,128,57
2014-05-01 11:37:00,1.89,90,21
2014-05-01 11:37:30,1.64,66,23
2014-05-01 11:38:00,2.2,140,28
2014-05-01 11:38:30,2.14,124,48
2014-05-01 11:39:00,1.89,87,38
2014-05-01 11:39:30,2.04,89,57
2014-05-01 11:40:00,1.8,97,59
2014-05-01 11:40:30,1.74,83,45
2014-05-01 11:41:00,1.73,90,38
2014-05-01 11:41:30,1.71,58,31
2014-05-01 11:42:00,1.89,77,58
2014-05-01 11:42:30,1.85,72,36
2014-05-01 11:43:00,1.75,91,43
2014-05-01 11:43:30,1.9,83,30
2014-05-01 11:44:00,1.76,73,56
2014-05-01 11:44:30,2.12,118,30
2014-05-01 11:45:00,1.74,83,59
2014-05-01 11:45:30,1.64,81,57
2014-05-01 11:46:00,2.02,118,31
2014-05-01 11:46:30,2.07,94,33
2014-05-01 11:47:00,1.88,88,31
2014-05-01 11:47:30,1.82,79,39
2014-05-01 11:48:00,2.15,99,44
2014-05-01 11:48:30,1.78,68,49
2014-05-01 11:49:00,1.72,77,48
2014-05-01 11:49:30,1.75,74,46
2014-05-01 11:50:00,2.05,121,21
2014-05-01 11:50:30,2.14,100,57
2014-05-01 11:51:00,1.6,62,37
2014-05-01 11:51:30,1.63,48,21
2014-05-01 11:52:00,1.87,88,35
2014-05-01 11:52:30,1.78,84,23
2014-05-01 11:53:00,2.12,120,58
2014-05-01 11:53:30,1.93,78,28
2014-05-01 11:54:00,1.83,64,50
2014-05-01 11:54:30,2.06,125,32
2014-05-01 11:55:00,1.61,42,36
2014-05-01 11:55:30,1.64,75,37
2014-05-01 11:56:00,1.87,90,59
2014-05-01 11:56:30,2.02,120,50
2014-05-01 11:57:00,1.75,79,46
2014-05-01 11:57:30,1.83,82,45
2014-05-01 11:58:00,1.97,110,37
2014-05-01 11:58:30,1.99,81,45
2014-05-01 11:59:00,2.01,117,51
2014-05-01 11:59:30,1.7,85,41
2014-05-01 12:00:00,2.08,119,44
2014-05-01 12:00:30,1.7,73,43
2014-05-01 12:01:00,1.82,80,43
2014-05-01 12:01:30,1.98,83,49
2014-05-01 12:02:00,2.16,99,45
2014-05-01 12:02:30,2.17,124,48
2014-05-01 12:03:00,1.76,80,39
2014-05-01 12:03:30,1.97,99,54
2014-05-01 12:04:00,1.62,76,49
2014-05-01 12:04:30,1.72,68,45
2014-05-01 12:05:00,2.16,99,35
2014-05-01 12:05:30,1.8,86,21
2014-05-01 12:06:00,2.04,100,59
2014-05-01 12:06:30,1.62,63,41
2014-05-01 12:07:00,2.09,101,34
2014-05-01 12:07:30,1.84,84,58
2014-05-01 12:08:00,2.14,114,50
2014-05-01 12:08:30,2.19,116,47
2014-05-01 12:09:00,2.06,109,48
2014-05-01 12:09:30,1.84,100,59
2014-05-01 12:10:00,1.76,69,35
2014-05-01 12:10:30,1.91,79,43
2014-05-01 12:11:00,1.75,73,38
2014-05-01 12:11:30,1.95,114,45
2014-05-01 12:12:00,1.75,81,30
2014-05-01 12:12:30,1.77,81,54
2014-05-01 12:13:00,1.76,89,53
2014-05-01 12:13:30,1.72,90,29
2014-05-01 12:14:00,1.73,87,45
2014-05-01 12:14:30,2.19,122,55
2014-05-01 12:15:00,1.88,72,20
2014-05-01 12:15:30,1.79,69,60
2014-05-01 12:16:00,1.94,85,21
2014-05-01 12:16:30,2.1,109,24
2014-05-01 12:17:00,1.79,78,48
2014-05-01 12:17:30,1.71,52,52
2014-05-01 12:18:00,1.69,63,22
2014-05-01 12:18:30,1.94,86,21
2014-05-01 12:19:00,1.96,113,32
2014-05-01 12:19:30,1.6,43,39
2014-05-01 12:20:00,2,106,44
2014-05-01 12:20:30,1.84,92,38
2014-05-01 12:21:00,1.88,94,29
2014-05-01 12:21:30,2.18,137,54
2014-05-01 12:22:00,2.16,105,24
2014-05-01 12:22:30,2.01,88,53
2014-05-01 12:23:00,2.09,128,55
2014-05-01 12:23:30,1.84,99,44
2014-05-01 12:24:00,1.77,95,59
2014-05-01 12:24:30,2.03,110,25
2014-05-01 12:25:00,2.15,132,21
2014-05-01 12:25:30,2.19,102,32
2014-05-01 12:26:00,2.15,114,57
2014-05-01 12:26:30,2.14,100,36
2014-05-01 12:27:00,1.74,61,54
2014-05-01 12:27:30,1.64,81,47
2014-05-01 12:28:00,1.99,118,52
2014-05-01 12:28:30,1.84,66,47
2014-05-01 12:29:00,1.78,75,23
2014-05-01 12:29:30,1.81,91,49
2014-05-01 12:30:00,1.64,60,27
2014-05-01 12:30:30,2,102,43
2014-05-01 12:31:00,1.72,69,48
2014-05-01 12:31:30,1.87,71,35
2014-05-01 12:32:00,1.93,102,47
2014-05-01 12:32:30,1.73,88,26
2014-05-01 12:33:00,2.05,109,20
2014-05-01 12:33:30,2.11,96,32
2014-05-01 12:34:00,1.68,59,34
2014-05-01 12:34:30,1.82,71,45
2014-05-01 12:35:00,1.9,98,34
2014-05-01 12:35:30,1.82,90,37
2014-05-01 12:36:00,2.19,118,32
2014-05-01 12:36:30,1.68,82,47
2014-05-01 12:37:00,1.96,104,52
2014-05-01 12:37:30,1.95,102,29
2014-05-01 12:38:00,1.67,62,26
2014-05-01 12:38:30,2.14,111,45
2014-05-01 12:39:00,1.99,86,39
2014-05-01 12:39:30,1.89,105,38
2014-05-01 12:40:00,1.69,65,50
2014-05-01 12:40:30,2.19,101,32
2014-05-01 12:41:00,1.64,83,58
2014-05-01 12:41:30,1.77,71,45
2014-05-01 12:42:00,1.97,116,22
2014-05-01 12:42:30,1.67,62,53
2014-05-01 12:43:00,2,115,43
2014-05-01 12:43:30,2.09,90,51
2014-05-01 12:44:00,1.76,86,55
2014-05-01 12:44:30,1.63,62,35
2014-05-01 12:45:00,2.12,113,51
2014-05-01 12:45:30,2.17,99,50
2014-05-01 12:46:00,1.87,74,33
2014-05-01 12:46:30,1.95,82,33
2014-05-01 12:47:00,2.06,102,22
2014-05-01 12:47:30,2.01,109,38
2014-05-01 12:48:00,1.7,66,36
2014-05-01 12:48:30,1.83,81,52
2014-05-01 12:49:00,2.15,109,46
2014-05-01 12:49:30,1.61,62,60
2014-05-01 12:50:00,2.04,88,20
2014-05-01 12:50:30,1.91,92,25
2014-05-01 12:51:00,1.92,96,25
2014-05-01 12:51:30,1.8,96,20
2014-05-01 12:52:00,1.81,83,57
2014-05-01 12:52:30,2.11,106,46
2014-05-01 12:53:00,1.85,65,28
2014-05-01 12:53:30,2.07,116,21
2014-05-01 12:54:00,1.95,96,34
2014-05-01 12:54:30,1.72,57,56
2014-05-01 12:55:00,1.92,94,40
2014-05-01 12:55:30,2.15,97,45
2014-05-01 12:56:00,2.19,116,43
2014-05-01 12:56:30,1.71,90,42
2014-05-01 12:57:00,1.94,91,26
2014-05-01 12:57:30,2,112,34
2014-05-01 12:58:00,1.63,53,30
2014-05-01 12:58:30,1.74,77,40
2014-05-01 12:59:00,2.07,118,54
2014-05-01 12:59:30,2.11,110,28
2014-05-01 13:00:00,2.09,95,57
2014-05-01 13:00:30,2,106,46
2014-05-01 13:01:00,2.09,114,59
2014-05-01 13:01:30,2.2,112,50
2014-05-01 13:02:00,1.62,71,27
2014-05-01 13:02:30,2.03,109,56
2014-05-01 13:03:00,1.84,69,32
2014-05-01 13:03:30,2.15,102,58
2014-05-01 13:04:00,1.84,87,49
2014-05-01 13:04:30,2.01,87,58
2014-05-01 13:05:00,1.88,88,52
2014-05-01 13:05:30,1.96,108,35
2014-05-01 13:06:00,2.17,99,58
2014-05-01 13:06:30,1.94,87,54
2014-05-01 13:07:00,1.81,76,42
2014-05-01 13:07:30,2.09,92,56
2014-05-01 13:08:00,1.91,76,41
2014-05-01 13:08:30,2.11,104,22
2014-05-01 13:09:00,2.11,113,24
2014-05-01 13:09:30,2.03,85,49
2014-05-01 13:10:00,1.79,79,20
2014-05-01 13:10:30,1.92,84,46
2014-05-01 13:11:00,2.17,113,58
2014-05-01 13:11:30,1.68,85,59
2014-05-01 13:12:00,2.02,94,22
2014-05-01 13:12:30,2.02,119,41
2014-05-01 13:13:00,1.87,74,26
2014-05-01 13:13:30,1.7,70,51
2014-05-01 13:14:00,2.03,107,33
2014-05-01 13:14:30,1.63,68,30
2014-05-01 13:15:00,1.61,53,54
2014-05-01 13:15:30,1.79,73,48
2014-05-01 13:16:00,2.11,119,29
2014-05-01 13:16:30,1.64,46,53
2014-05-01 13:17:00,1.6,49,49
2014-05-01 13:17:30,1.76,75,29
2014-05-01 13:18:00,1.99,89,27
2014-05-01 13:18:30,2.13,116,32
2014-05-01 13:19:00,2.2,136,44
2014-05-01 13:19:30,1.63,47,57
2014-05-01 13:20:00,2.11,115,53
2014-05-01 13:20:30,2.16,136,24
2014-05-01 13:21:00,1.91,98,58
2014-05-01 13:21:30,1.99,114,45
2014-05-01 13:22:00,1.61,58,47
2014-05-01 13:22:30,1.8,76,28
2014-05-01 13:23:00,1.92,108,55
2014-05-01 13:23:30,1.97,95,56
2014-05-01 13:24:00,1.8,91,36
2014-05-01 13:24:30,2.05,99,44
2014-05-01 13:25:00,1.67,50,52
2014-05-01 13:25:30,1.89,74,35
2014-05-01 13:26:00,1.99,89,50
2014-05-01 13:26:30,1.75,91,58
2014-05-01 13:27:00,1.78,91,46
2014-05-01 13:27:30,1.65,53,43
2014-05-01 13:28:00,1.95,89,43
2014-05-01 13:28:30,2.15,105,50
2014-05-01 13:29:00,2.17,106,54
2014-05-01 13:29:30,2.17,119,55
2014-05-01 13:30:00,1.82,76,36
2014-05-01 13:30:30,1.63,62,32
2014-05-01 13:31:00,1.89,97,27
2014-05-01 13:31:30,1.97,95,33
2014-05-01 13:32:00,1.65,76,46
2014-05-01 13:32:30,1.75,81,33
2014-05-01 13:33:00,2.18,112,55
2014-05-01 13:33:30,1.81,100,33
2014-05-01 13:34:00,2.17,123,42
2014-05-01 13:34:30,1.65,64,38
2014-05-01 13:35:00,1.95,103,54
2014-05-01 13:35:30,1.79,77,38
2014-05-01 13:36:00,1.75,73,35
2014-05-01 13:36:30,1.78,85,30
2014-05-01 13:37:00,1.81,77,28
2014-05-01 13:37:30,1.79,98,28
2014-05-01 13:38:00,1.91,100,49
2014-05-01 13:38:30,1.73,72,49
2014-05-01 13:39:00,1.92,85,41
2014-05-01 13:39:30,1.76,59,49
2014-05-01 13:40:00,2.11,122,46
2014-05-01 13:40:30,2.04,106,37
2014-05-01 13:41:00,1.9,81,59
2014-05-01 13:41:30,1.82,91,55
2014-05-01 13:42:00,1.78,89,54
2014-05-01 13:42:30,1.97,99,22
2014-05-01 13:43:00,1.86,68,29
2014-05-01 13:43:30,1.64,63,33
2014-05-01 13:44:00,1.8,60,54
2014-05-01 13:44:30,1.66,79,26
2014-05-01 13:45:00,1.62,55,41
2014-05-01 13:45:30,2.11,115,40
2014-05-01 13:46:00,2.1,110,43
2014-05-01 13:46:30,1.68,51,39
2014-05-01 13:47:00,1.96,94,59
2014-05-01 13:47:30,1.73,80,30
2014-05-01 13:48:00,1.8,63,27
2014-05-01 13:48:30,1.87,100,58
2014-05-01 13:49:00,1.68,81,30
2014-05-01 13:49:30,1.97,110,53
2014-05-01 13:50:00,2.12,121,54
2014-05-01 13:50:30,1.94,105,41
2014-05-01 13:51:00,2,113,22
2014-05-01 13:51:30,2.09,122,56
2014-05-01 13:52:00,1.77,85,44
2014-05-01 13:52:30,1.62,73,35
2014-05-01 13:53:00,2.03,104,44
2014-05-01 13:53:30,1.91,99,45
2014-05-01 13:54:00,2.2,120,49
2014-05-01 13:54:30,1.98,93,47
2014-05-01 13:55:00,1.98,115,42
2014-05-01 13:55:30,1.97,83,41
2014-05-01 13:56:00,1.73,92,56
2014-05-01 13:56:30,2.13,120,25
2014-05-01 13:57:00,1.85,102,34
2014-05-01 13:57:30,1.86,97,24
2014-05-01 13:58:00,1.98,79,56
2014-05-01 13:58:30,2.13,101,42
2014-05-01 13:59:00,1.75,56,28
2014-05-01 13:59:30,1.68,69,26
2014-05-01 14:00:00,1.8,77,33
2014-05-01 14:00:30,2.12,94,29
2014-05-01 14:01:00,2.05,101,54
2014-05-01 14:01:30,2,99,24
2014-05-01 14:02:00,1.82,82,30
2014-05-01 14:02:30,2.02,114,35
2014-05-01 14:03:00,1.78,85,59
2014-05-01 14:03:30,1.65,78,25
2014-05-01 14:04:00,2.16,122,27
2014-05-01 14:04:30,1.62,64,39
2014-05-01 14:05:00,1.61,70,49
2014-05-01 14:05:30,1.62,80,34
2014-05-01 14:06:00,1.89,104,40
2014-05-01 14:06:30,2.15,116,32
2014-05-01 14:07:00,1.74,84,53
2014-05-01 14:07:30,1.93,108,51
2014-05-01 14:08:00,1.87,102,50
2014-05-01 14:08:30,1.71,85,58
2014-05-01 14:09:00,1.92,95,50
2014-05-01 14:09:30,1.74,91,29
2014-05-01 14:10:00,2.09,98,57
2014-05-01 14:10:30,1.68,65,58
2014-05-01 14:11:00,1.79,93,55
2014-05-01 14:11:30,2.06,125,60
2014-05-01 14:12:00,1.69,62,57
2014-05-01 14:12:30,1.79,85,24
2014-05-01 14:13:00,1.75,77,58
2014-05-01 14:13:30,1.6,78,60
2014-05-01 14:14:00,1.79,80,52
2014-05-01 14:14:30,2.15,123,42
2014-05-01 14:15:00,1.9,89,38
2014-05-01 14:15:30,2.09,115,31
2014-05-01 14:16:00,2.13,93,48
2014-05-01 14:16:30,1.69,71,27
2014-05-01 14:17:00,2.02,97,44
2014-05-01 14:17:30,1.85,102,42
2014-05-01 14:18:00,1.8,89,21
2014-05-01 14:18:30,1.81,63,21
2014-05-01 14:19:00,2.08,120,52
2014-05-01 14:19:30,2.12,122,57
2014-05-01 14:20:00,1.96,92,43
2014-05-01 14:20:30,1.66,69,53
2014-05-01 14:21:00,1.8,70,49
2014-05-01 14:21:30,2.03,92,59
2014-05-01 14:22:00,1.87,84,49
2014-05-01 14:22:30,1.95,76,30
2014-05-01 14:23:00,1.91,71,59
2014-05-01 14:23:30,1.8,78,42
2014-05-01 14:24:00,1.92,109,39
2014-05-01 14:24:30,1.7,81,33
2014-05-01 14:25:00,2.04,108,59
2014-05-01 14:25:30,1.88,103,54
2014-05-01 14:26:00,1.83,86,51
2014-05-01 14:26:30,1.95,84,49
2014-05-01 14:27:00,1.83,83,47
2014-05-01 14:27:30,2.05,101,54
2014-05-01 14:28:00,2.18,118,59
2014-05-01 14:28:30,2.07,126,55
2014-05-01 14:29:00,1.92,95,53
2014-05-01 14:29:30,2.16,130,21
2014-05-01 14:30:00,2.17,135,58
2014-05-01 14:30:30,1.79,63,42
2014-05-01 14:31:00,1.63,79,59
2014-05-01 14:31:30,1.81,66,50
2014-05-01 14:32:00,1.8,100,53
2014-05-01 14:32:30,2.03,104,22
2014-05-01 14:33:00,1.7,58,28
2014-05-01 14:33:30,1.85,78,24
2014-05-01 14:34:00,1.94,87,50
2014-05-01 14:34:30,1.99,83,32
2014-05-01 14:35:00,1.65,69,47
2014-05-01 14:35:30,2.05,87,24
2014-05-01 14:36:00,1.76,66,43
2014-05-01 14:36:30,2,117,25
2014-05-01 14:37:00,1.83,63,21
2014-05-01 14:37:30,1.94,97,22
2014-05-01 14:38:00,1.74,65,56
2014-05-01 14:38:30,1.61,67,46
2014-05-01 14:39:00,2.08,115,58
2014-05-01 14:39:30,1.68,63,55
2014-05-01 14:40:00,1.65,75,34
2014-05-01 14:40:30,1.84,92,44
2014-05-01 14:41:00,1.81,77,25
2014-05-01 14:41:30,2.07,92,56
2014-05-01 14:42:00,2,119,22
2014-05-01 14:42:30,2.14,126,53
2014-05-01 14:43:00,1.77,88,44
2014-05-01 14:43:30,1.81,87,26
2014-05-01 14:44:00,2.18,114,35
2014-05-01 14:44:30,1.65,49,50
2014-05-01 14:45:00,1.82,81,31
2014-05-01 14:45:30,1.68,77,60
2014-05-01 14:46:00,2,96,26
2014-05-01 14:46:30,1.63,51,49
2014-05-01 14:47:00,2.1,127,22
2014-05-01 14:47:30,1.83,82,52
2014-05-01 14:48:00,2.12,92,36
2014-05-01 14:48:30,1.81,76,58
2014-05-01 14:49:00,1.61,46,36
2014-05-01 14:49:30,1.72,84,37
2014-05-01 14:50:00,1.85,75,47
2014-05-01 14:50:30,2.06,125,33
2014-05-01 14:51:00,1.82,66,59
2014-05-01 14:51:30,2.13,109,47
2014-05-01 14:52:00,2.08,112,46
2014-05-01 14:52:30,1.77,76,57
2014-05-01 14:53:00,1.95,78,44
2014-05-01 14:53:30,1.62,77,27
2014-05-01 14:54:00,1.69,83,41
2014-05-01 14:54:30,2,105,48
2014-05-01 14:55:00,2.07,90,46
2014-05-01 14:55:30,1.89,78,25
2014-05-01 14:56:00,2.2,102,58
2014-05-01 14:56:30,2.02,120,48
2014-05-01 14:57:00,1.97,99,28
2014-05-01 14:57:30,2.07,101,45
2014-05-01 14:58:00,1.76,92,60
2014-05-01 14:58:30,1.69,55,57
2014-05-01 14:59:00,2.03,98,27
2014-05-01 14:59:30,1.9,86,25
2014-05-01 15:00:00,1.7,78,50
2014-05-01 15:00:30,2.19,118,53
2014-05-01 15:01:00,2.09,98,46
2014-05-01 15:01:30,1.92,94,60
2014-05-01 15:02:00,1.77,69,53
2014-05-01 15:02:30,1.94,101,30
2014-05-01 15:03:00,1.86,93,46
2014-05-01 15:03:30,2.18,127,29
2014-05-01 15:04:00,1.62,63,24
2014-05-01 15:04:30,2.14,96,46
2014-05-01 15:05:00,1.75,78,37
2014-05-01 15:05:30,2.11,125,32
2014-05-01 15:06:00,1.92,112,42
2014-05-01 15:06:30,1.69,65,24
2014-05-01 15:07:00,1.98,112,44
2014-05-01 15:07:30,1.75,90,48
2014-05-01 15:08:00,2.11,114,52
2014-05-01 15:08:30,1.78,88,58
2014-05-01 15:09:00,2.04,95,35
2014-05-01 15:09:30,2.04,93,35
2014-05-01 15:10:00,2.14,123,43
2014-05-01 15:10:30,1.94,89,32
2014-05-01 15:11:00,1.9,88,45
2014-05-01 15:11:30,2.05,85,37
2014-05-01 15:12:00,2,94,39
2014-05-01 15:12:30,1.78,65,49
2014-05-01 15:13:00,2.2,105,27
2014-05-01 15:13:30,1.71,67,48
2014-05-01 15:14:00,1.89,82,42
2014-05-01 15:14:30,1.95,105,60
2014-05-01 15:15:00,1.89,92,52
2014-05-01 15:15:30,2.1,115,30
2014-05-01 15:16:00,2.09,103,25
2014-05-01 15:16:30,2.09,125,55
2014-05-01 15:17:00,2.2,118,30
2014-05-01 15:17:30,1.63,66,21
2014-05-01 15:18:00,1.95,97,41
2014-05-01 15:18:30,1.99,86,42
2014-05-01 15:19:00,1.68,73,33
2014-05-01 15:19:30,1.87,105,29
2014-05-01 15:20:00,2.05,120,47
2014-05-01 15:20:30,2.14,105,49
2014-05-01 15:21:00,1.88,88,22
2014-05-01 15:21:30,2.09,93,22
2014-05-01 15:22:00,1.63,67,22
2014-05-01 15:22:30,1.68,56,26
2014-05-01 15:23:00,1.65,56,24
2014-05-01 15:23:30,1.74,83,38
2014-05-01 15:24:00,1.74,66,55
2014-05-01 15:24:30,1.73,63,20
2014-05-01 15:25:00,1.63,74,59
2014-05-01 15:25:30,1.77,69,44
2014-05-01 15:26:00,2.08,105,52
2014-05-01 15:26:30,1.71,76,32
2014-05-01 15:27:00,1.67,63,28
2014-05-01 15:27:30,1.63,76,39
2014-05-01 15:28:00,1.87,75,23
2014-05-01 15:28:30,1.79,85,48
2014-05-01 15:29:00,1.74,77,50
2014-05-01 15:29:30,1.97,109,44
2014-05-01 15:30:00,2.13,97,43
2014-05-01 15:30:30,1.84,75,35
2014-05-01 15:31:00,1.74,54,58
2014-05-01 15:31:30,1.85,89,40
2014-05-01 15:32:00,2.06,117,56
2014-05-01 15:32:30,1.77,57,30
2014-05-01 15:33:00,1.79,88,52
2014-05-01 15:33:30,1.76,60,45
2014-05-01 15:34:00,1.68,79,59
2014-05-01 15:34:30,1.67,69,30
2014-05-01 15:35:00,1.7,59,27
2014-05-01 15:35:30,2.19,127,36
2014-05-01 15:36:00,2.02,120,43
2014-05-01 15:36:30,1.92,96,26
2014-05-01 15:37:00,2.19,101,46
2014-05-01 15:37:30,1.78,82,30
2014-05-01 15:38:00,1.79,70,60
2014-05-01 15:38:30,1.88,73,35
2014-05-01 15:39:00,1.79,70,46
2014-05-01 15:39:30,2.08,104,28
2014-05-01 15:40:00,1.9,97,28
2014-05-01 15:40:30,1.81,98,26
2014-05-01 15:41:00,1.72,75,49
2014-05-01 15:41:30,1.67,51,45
2014-05-01 15:42:00,1.94,108,22
2014-05-01 15:42:30,1.82,91,45
2014-05-01 15:43:00,1.8,99,53
2014-05-01 15:43:30,1.85,89,56
2014-05-01 15:44:00,1.68,85,44
2014-05-01 15:44:30,1.74,72,21
2014-05-01 15:45:00,2.12,95,31
2014-05-01 15:45:30,1.88,95,34
2014-05-01 15:46:00,1.62,62,50
2014-05-01 15:46:30,1.64,66,23
2014-05-01 15:47:00,1.61,66,52
2014-05-01 15:47:30,1.83,67,25
2014-05-01 15:48:00,1.65,60,38
2014-05-01 15:48:30,2.03,87,59
2014-05-01 15:49:00,1.73,60,38
2014-05-01 15:49:30,2.11,109,24
2014-05-01 15:50:00,1.81,78,55
2014-05-01 15:50:30,1.92,95,54
2014-05-01 15:51:00,1.72,71,28
2014-05-01 15:51:30,2.01,82,59
2014-05-01 15:52:00,1.88,71,48
2014-05-01 15:52:30,2.11,123,56
2014-05-01 15:53:00,1.8,90,36
2014-05-01 15:53:30,1.63,53,22
2014-05-01 15:54:00,1.95,77,37
2014-05-01 15:54:30,1.77,61,49
2014-05-01 15:55:00,2.04,95,21
2014-05-01 15:55:30,1.62,46,55
2014-05-01 15:56:00,2.11,103,36
2014-05-01 15:56:30,1.68,50,39
2014-05-01 15:57:00,1.91,110,37
2014-05-01 15:57:30,1.85,79,36
2014-05-01 15:58:00,1.73,78,32
2014-05-01 15:58:30,1.96,113,37
2014-05-01 15:59:00,1.77,67,35
2014-05-01 15:59:30,1.92,93,45
2014-05-01 16:00:00,1.98,114,48
2014-05-01 16:00:30,1.9,83,58
2014-05-01 16:01:00,1.96,95,29
2014-05-01 16:01:30,1.75,89,31
2014-05-01 16:02:00,1.95,77,57
2014-05-01 16:02:30,2.02,107,28
2014-05-01 16:03:00,1.82,63,41
2014-05-01 16:03:30,2.08,109,41
2014-05-01 16:04:00,2.02,108,50
2014-05-01 16:04:30,2.1,93,28
2014-05-01 16:05:00,1.96,78,23
2014-05-01 16:05:30,1.64,70,20
2014-05-01 16:06:00,1.88,75,25
2014-05-01 16:06:30,1.91,90,27
2014-05-01 16:07:00,2.12,127,51
2014-05-01 16:07:30,2.15,122,51
2014-05-01 16:08:00,2.05,118,23
2014-05-01 16:08:30,1.73,56,50
2014-05-01 16:09:00,1.79,91,28
2014-05-01 16:09:30,1.96,114,48
2014-05-01 16:10:00,2.18,105,42
2014-05-01 16:10:30,1.76,63,34
2014-05-01 16:11:00,1.62,42,37
2014-05-01 16:11:30,1.69,89,40
2014-05-01 16:12:00,1.61,50,23
2014-05-01 16:12:30,1.83,95,34
2014-05-01 16:13:00,2.06,124,36
2014-05-01 16:13:30,1.93,77,52
2014-05-01 16:14:00,1.97,92,44
2014-05-01 16:14:30,1.69,64,32
2014-05-01 16:15:00,1.99,95,56
2014-05-01 16:15:30,1.74,58,31
2014-05-01 16:16:00,1.83,96,38
2014-05-01 16:16:30,1.86,96,27
2014-05-01 16:17:00,2.03,92,44
2014-05-01 16:17:30,1.66,78,34
2014-05-01 16:18:00,2.03,122,59
2014-05-01 16:18:30,1.8,70,32
2014-05-01 16:19:00,1.9,77,28
2014-05-01 16:19:30,1.79,74,59
2014-05-01 16:20:00,1.7,54,54
2014-05-01 16:20:30,1.94,112,33
2014-05-01 16:21:00,1.83,92,25
2014-05-01 16:21:30,1.71,64,36
2014-05-01 16:22:00,2.03,109,26
2014-05-01 16:22:30,2.13,100,44
2014-05-01 16:23:00,2.17,109,37
2014-05-01 16:23:30,2.02,89,27
2014-05-01 16:24:00,1.64,46,58
2014-05-01 16:24:30,2.01,105,40
2014-05-01 16:25:00,1.92,94,52
2014-05-01 16:25:30,1.85,89,56
2014-05-01 16:26:00,1.63,70,41
2014-05-01 16:26:30,1.9,80,26
2014-05-01 16:27:00,2.08,115,39
2014-05-01 16:27:30,1.6,76,32
2014-05-01 16:28:00,2.04,117,56
2014-05-01 16:28:30,1.63,67,34
2014-05-01 16:29:00,1.67,66,50
2014-05-01 16:29:30,2.05,88,60
2014-05-01 16:30:00,1.79,80,37
2014-05-01 16:30:30,2.12,101,42
2014-05-01 16:31:00,2.19,100,43
2014-05-01 16:31:30,1.67,49,41
2014-05-01 16:32:00,1.75,57,25
2014-05-01 16:32:30,2.11,103,38
2014-05-01 16:33:00,2.17,112,49
2014-05-01 16:33:30,1.84,100,24
2014-05-01 16:34:00,2.14,100,56
2014-05-01 16:34:30,1.61,63,24
2014-05-01 16:35:00,1.93,97,29
2014-05-01 16:35:30,2.2,103,48
2014-05-01 16:36:00,1.81,95,47
2014-05-01 16:36:30,1.77,83,37
2014-05-01 16:37:00,1.79,73,38
2014-05-01 16:37:30,1.9,95,58
2014-05-01 16:38:00,2.11,97,56
2014-05-01 16:38:30,1.9,82,56
2014-05-01 16:39:00,2.12,116,42
2014-05-01 16:39:30,1.91,84,45
2014-05-01 16:40:00,2.1,97,28
2014-05-01 16:40:30,1.77,64,26
2014-05-01 16:41:00,2.19,119,41
2014-05-01 16:41:30,1.82,96,34
2014-05-01 16:42:00,1.75,57,25
2014-05-01 16:42:30,1.97,85,33
2014-05-01 16:43:00,1.81,74,55
2014-05-01 16:43:30,2.11,93,54
2014-05-01 16:44:00,1.8,60,39
2014-05-01 16:44:30,1.75,76,34
2014-05-01 16:45:00,1.64,44,53
2014-05-01 16:45:30,1.89,88,52
2014-05-01 16:46:00,1.61,79,29
2014-05-01 16:46:30,2.17,116,55
2014-05-01 16:47:00,1.95,107,34
2014-05-01 16:47:30,2.01,118,22
2014-05-01 16:48:00,1.7,57,34
2014-05-01 16:48:30,1.93,92,21
2014-05-01 16:49:00,1.79,97,51
2014-05-01 16:49:30,1.92,99,31
2014-05-01 16:50:00,1.75,76,58
2014-05-01 16:50:30,2.14,119,25
2014-05-01 16:51:00,2.2,119,51
2014-05-01 16:51:30,2.18,110,23
2014-05-01 16:52:00,2.05,91,30
2014-05-01 16:52:30,1.71,74,42
2014-05-01 16:53:00,2.15,103,44
2014-05-01 16:53:30,1.74,71,50
2014-05-01 16:54:00,2.15,106,58
2014-05-01 16:54:30,1.87,86,42
2014-05-01 16:55:00,1.96,109,33
2014-05-01 16:55:30,1.92,98,60
2014-05-01 16:56:00,2.12,130,31
2014-05-01 16:56:30,1.76,85,21
2014-05-01 16:57:00,1.72,82,36
2014-05-01 16:57:30,1.88,101,32
2014-05-01 16:58:00,1.91,88,57
2014-05-01 16:58:30,2.18,106,51
2014-05-01 16:59:00,1.92,76,39
2014-05-01 16:59:30,1.77,69,42
2014-05-01 17:00:00,2.04,98,36
2014-05-01 17:00:30,1.92,74,22
2014-05-01 17:01:00,1.71,81,59
2014-05-01 17:01:30,2.1,101,45
2014-05-01 17:02:00,1.69,88,53
2014-05-01 17:02:30,1.66,53,38
2014-05-01 17:03:00,1.72,72,33
2014-05-01 17:03:30,2.05,94,44
2014-05-01 17:04:00,1.68,71,59
2014-05-01 17:04:30,1.89,71,34
2014-05-01 17:05:00,2.16,109,45
2014-05-01 17:05:30,2,87,27
2014-05-01 17:06:00,1.64,53,30
2014-05-01 17:06:30,1.82,69,46
2014-05-01 17:07:00,1.62,59,37
2014-05-01 17:07:30,1.85,80,26
2014-05-01 17:08:00,2.15,109,34
2014-05-01 17:08:30,2.07,121,57
2014-05-01 17:09:00,2.17,127,53
2014-05-01 17:09:30,1.78,58,55
2014-05-01 17:10:00,1.62,66,26
2014-05-01 17:10:30,2.03,118,51
2014-05-01 17:11:00,1.72,80,55
2014-05-01 17:11:30,2,83,51
2014-05-01 17:12:00,1.81,96,44
2014-05-01 17:12:30,1.91,81,20
2014-05-01 17:13:00,1.95,81,45
2014-05-01 17:13:30,2.02,96,59
2014-05-01 17:14:00,1.77,78,58
2014-05-01 17:14:30,1.99,99,26
2014-05-01 17:15:00,2.03,93,42
2014-05-01 17:15:30,1.72,82,26
2014-05-01 17:16:00,1.86,82,41
2014-05-01 17:16:30,1.62,75,39
2014-05-01 17:17:00,1.78,61,25
2014-05-01 17:17:30,2.08,111,36
2014-05-01 17:18:00,1.82,71,26
2014-05-01 17:18:30,2.17,137,56
2014-05-01 17:19:00,2.16,102,33
2014-05-01 17:19:30,1.61,53,59
2014-05-01 17:20:00,2.17,98,53
2014-05-01 17:20:30,1.8,94,21
2014-05-01 17:21:00,1.93,105,42
2014-05-01 17:21:30,1.78,68,21
2014-05-01 17:22:00,2.1,130,32
2014-05-01 17:22:30,1.84,79,20
2014-05-01 17:23:00,2.1,117,47
2014-05-01 17:23:30,1.79,77,57
2014-05-01 17:24:00,2.03,117,22
2014-05-01 17:24:30,1.79,93,44
2014-05-01 17:25:00,1.8,83,33
2014-05-01 17:25:30,1.86,91,20
2014-05-01 17:26:00,2.17,99,45
2014-05-01 17:26:30,2.2,130,27
2014-05-01 17:27:00,1.91,93,23
2014-05-01 17:27:30,1.72,77,48
2014-05-01 17:28:00,2.16,109,47
2014-05-01 17:28:30,2.08,98,49
2014-05-01 17:29:00,2.03,110,53
2014-05-01 17:29:30,2.16,104,36
2014-05-01 17:30:00,1.66,61,56
2014-05-01 17:30:30,2.14,96,26
2014-05-01 17:31:00,1.85,82,27
2014-05-01 17:31:30,2.09,103,33
2014-05-01 17:32:00,1.88,96,44
2014-05-01 17:32:30,2.13,99,57
2014-05-01 17:33:00,2.03,86,53
2014-05-01 17:33:30,1.8,84,42
2014-05-01 17:34:00,1.76,93,56
2014-05-01 17:34:30,1.97,112,26
2014-05-01 17:35:00,1.99,84,47
2014-05-01 17:35:30,1.75,64,27
2014-05-01 17:36:00,1.92,108,35
2014-05-01 17:36:30,1.75,70,51
2014-05-01 17:37:00,1.88,71,52
2014-05-01 17:37:30,1.64,56,28
2014-05-01 17:38:00,1.73,68,27
2014-05-01 17:38:30,2.1,119,37
2014-05-01 17:39:00,1.98,108,27
2014-05-01 17:39:30,2.2,129,34
2014-05-01 17:40:00,1.69,54,49
2014-05-01 17:40:30,2.02,105,45
2014-05-01 17:41:00,1.78,72,32
2014-05-01 17:41:30,2.07,102,34
2014-05-01 17:42:00,1.7,75,33
2014-05-01 17:42:30,1.93,86,59
2014-05-01 17:43:00,1.71,57,41
2014-05-01 17:43:30,1.95,79,58
2014-05-01 17:44:00,1.77,86,38
2014-05-01 17:44:30,2.08,122,38
2014-05-01 17:45:00,2.1,91,25
2014-05-01 17:45:30,1.75,91,51
2014-05-01 17:46:00,2.13,108,58
2014-05-01 17:46:30,1.67,51,35
2014-05-01 17:47:00,2.15,104,57
2014-05-01 17:47:30,1.63,58,51
2014-05-01 17:48:00,2.16,108,46
2014-05-01 17:48:30,1.99,112,57
2014-05-01 17:49:00,1.67,70,37
2014-05-01 17:49:30,1.8,80,25
2014-05-01 17:50:00,1.67,64,29
2014-05-01 17:50:30,2.05,94,46
2014-05-01 17:51:00,1.83,93,55
2014-05-01 17:51:30,2.17,106,23
2014-05-01 17:52:00,1.78,72,44
2014-05-01 17:52:30,2.1,123,42
2014-05-01 17:53:00,2.13,128,28
2014-05-01 17:53:30,1.68,70,39
2014-05-01 17:54:00,2.18,123,33
2014-05-01 17:54:30,1.76,86,34
2014-05-01 17:55:00,2,110,31
2014-05-01 17:55:30,2.04,87,39
2014-05-01 17:56:00,2.11,99,48
2014-05-01 17:56:30,1.78,73,31
2014-05-01 17:57:00,2.06,100,20
2014-05-01 17:57:30,2.16,131,58
2014-05-01 17:58:00,1.82,68,40
2014-05-01 17:58:30,1.87,72,53
2014-05-01 17:59:00,1.82,79,50
2014-05-01 17:59:30,1.98,110,41
2014-05-01 18:00:00,1.79,76,52
2014-05-01 18:00:30,2.19,113,34
2014-05-01 18:01:00,1.78,71,31
2014-05-01 18:01:30,1.62,43,50
2014-05-01 18:02:00,1.99,84,37
2014-05-01 18:02:30,1.88,81,50
2014-05-01 18:03:00,1.62,63,29
2014-05-01 18:03:30,2.09,97,59
2014-05-01 18:04:00,1.82,84,37
2014-05-01 18:04:30,1.95,92,55
2014-05-01 18:05:00,2.11,130,22
2014-05-01 18:05:30,2.08,100,38
2014-05-01 18:06:00,1.73,69,51
2014-05-01 18:06:30,1.88,101,20
2014-05-01 18:07:00,2.03,111,25
2014-05-01 18:07:30,1.9,80,42
2014-05-01 18:08:00,1.79,82,47
2014-05-01 18:08:30,1.62,53,31
2014-05-01 18:09:00,2.13,108,24
2014-05-01 18:09:30,1.88,97,56
2014-05-01 18:10:00,1.93,111,55
2014-05-01 18:10:30,2.12,104,22
2014-05-01 18:11:00,1.66,71,54
2014-05-01 18:11:30,1.67,79,55
2014-05-01 18:12:00,1.73,79,40
2014-05-01 18:12:30,2,86,35
2014-05-01 18:13:00,1.91,74,33
2014-05-01 18:13:30,2.2,112,47
2014-05-01 18:14:00,1.88,79,54
2014-05-01 18:14:30,1.61,70,33
2014-05-01 18:15:00,1.86,104,59
2014-05-01 18:15:30,2.04,87,52
2014-05-01 18:16:00,2.06,98,43
2014-05-01 18:16:30,1.73,79,34
2014-05-01 18:17:00,2.04,124,43
2014-05-01 18:17:30,2.01,87,42
2014-05-01 18:18:00,1.99,100,60
2014-05-01 18:18:30,1.94,80,42
2014-05-01 18:19:00,1.93,87,31
2014-05-01 18:19:30,1.69,63,55
2014-05-01 18:20:00,1.99,100,32
2014-05-01 18:20:30,2.05,86,40
2014-05-01 18:21:00,1.85,84,46
2014-05-01 18:21:30,1.91,80,22
2014-05-01 18:22:00,1.92,75,30
2014-05-01 18:22:30,1.68,65,32
2014-05-01 18:23:00,1.92,82,33
2014-05-01 18:23:30,1.94,90,32
2014-05-01 18:24:00,2.01,92,28
2014-05-01 18:24:30,2.05,123,23
2014-05-01 18:25:00,2,120,32
2014-05-01 18:25:30,1.63,77,59
2014-05-01 18:26:00,1.93,93,35
2014-05-01 18:26:30,2,118,51
2014-05-01 18:27:00,2.19,112,38
2014-05-01 18:27:30,1.79,68,56
2014-05-01 18:28:00,1.8,65,20
2014-05-01 18:28:30,1.79,71,55
2014-05-01 18:29:00,2.16,123,27
2014-05-01 18:29:30,1.77,79,23
2014-05-01 18:30:00,1.78,76,52
2014-05-01 18:30:30,2.09,93,27
2014-05-01 18:31:00,1.78,68,48
2014-05-01 18:31:30,2.17,102,22
2014-05-01 18:32:00,1.85,96,21
2014-05-01 18:32:30,2.05,98,34
2014-05-01 18:33:00,1.84,80,44
2014-05-01 18:33:30,1.78,75,26
2014-05-01 18:34:00,2.19,116,41
2014-05-01 18:34:30,1.76,59,47
2014-05-01 18:35:00,2.07,127,39
2014-05-01 18:35:30,1.92,73,41
2014-05-01 18:36:00,2.08,96,29
2014-05-01 18:36:30,1.67,66,54
2014-05-01 18:37:00,1.79,76,47
2014-05-01 18:37:30,1.92,96,55
2014-05-01 18:38:00,2.19,137,43
2014-05-01 18:38:30,2.04,116,35
2014-05-01 18:39:00,1.99,87,50
2014-05-01 18:39:30,1.6,74,32
2014-05-01 18:40:00,2,81,22
2014-05-01 18:40:30,1.91,93,46
2014-05-01 18:41:00,2.04,117,43
2014-05-01 18:41:30,1.95,106,54
2014-05-01 18:42:00,2.08,105,47
2014-05-01 18:42:30,1.7,57,48
2014-05-01 18:43:00,2.01,94,26
2014-05-01 18:43:30,1.96,92,59
2014-05-01 18:44:00,1.77,90,33
2014-05-01 18:44:30,1.62,68,47
2014-05-01 18:45:00,1.78,68,56
2014-05-01 18:45:30,1.98,100,54
2014-05-01 18:46:00,2.03,86,45
2014-05-01 18:46:30,1.95,79,25
2014-05-01 18:47:00,2.06,110,34
2014-05-01 18:47:30,1.91,74,42
2014-05-01 18:48:00,1.96,93,35
2014-05-01 18:48:30,1.89,80,47
2014-05-01 18:49:00,1.96,109,37
2014-05-01 18:49:30,1.7,86,56
2014-05-01 18:50:00,1.87,100,29
2014-05-01 18:50:30,1.83,101,30
2014-05-01 18:51:00,1.91,85,45
2014-05-01 18:51:30,2.15,119,46
2014-05-01 18:52:00,1.95,100,42
2014-05-01 18:52:30,1.92,112,32
2014-05-01 18:53:00,1.67,62,36
2014-05-01 18:53:30,1.74,61,28
2014-05-01 18:54:00,1.94,93,37
2014-05-01 18:54:30,1.67,79,33
2014-05-01 18:55:00,2,97,39
2014-05-01 18:55:30,2.03,96,45
2014-05-01 18:56:00,1.67,60,23
2014-05-01 18:56:30,1.79,82,32
2014-05-01 18:57:00,2.04,92,56
2014-05-01 18:57:30,2.08,121,27
2014-05-01 18:58:00,1.9,90,30
2014-05-01 18:58:30,1.93,100,58
2014-05-01 18:59:00,1.87,101,29
2014-05-01 18:59:30,2.09,105,33
2014-05-01 19:00:00,1.7,82,24
2014-05-01 19:00:30,1.65,58,31
2014-05-01 19:01:00,1.7,64,43
2014-05-01 19:01:30,2.14,102,56
2014-05-01 19:02:00,1.97,77,33
2014-05-01 19:02:30,2.14,103,25
2014-05-01 19:03:00,1.99,96,37
2014-05-01 19:03:30,2.02,120,54
2014-05-01 19:04:00,2.17,103,34
2014-05-01 19:04:30,1.79,70,56
2014-05-01 19:05:00,1.73,77,24
2014-05-01 19:05:30,1.71,84,42
2014-05-01 19:06:00,1.95,99,33
2014-05-01 19:06:30,1.61,57,51
2014-05-01 19:07:00,2.12,103,25
2014-05-01 19:07:30,1.72,64,36
2014-05-01 19:08:00,2.12,108,36
2014-05-01 19:08:30,1.79,68,46
2014-05-01 19:09:00,1.66,58,23
2014-05-01 19:09:30,2.02,120,52
2014-05-01 19:10:00,2.05,121,54
2014-05-01 19:10:30,1.84,84,34
2014-05-01 19:11:00,1.72,89,51
2014-05-01 19:11:30,1.99,87,43
2014-05-01 19:12:00,2.04,117,55
2014-05-01 19:12:30,1.72,86,43
2014-05-01 19:13:00,2.05,122,50
2014-05-01 19:13:30,2.09,126,33
2014-05-01 19:14:00,1.69,77,35
2014-05-01 19:14:30,1.83,77,47
2014-05-01 19:15:00,1.7,84,48
2014-05-01 19:15:30,1.77,86,22
2014-05-01 19:16:00,1.62,48,47
2014-05-01 19:16:30,1.82,62,42
2014-05-01 19:17:00,1.78,69,28
2014-05-01 19:17:30,1.88,96,58
2014-05-01 19:18:00,1.89,81,57
2014-05-01 19:18:30,1.92,99,56
2014-05-01 19:19:00,2.18,104,25
2014-05-01 19:19:30,1.96,107,36
2014-05-01 19:20:00,1.9,86,57
2014-05-01 19:20:30,1.68,54,30
2014-05-01 19:21:00,1.84,83,38
2014-05-01 19:21:30,1.62,73,36
2014-05-01 19:22:00,1.76,56,22
2014-05-01 19:22:30,1.64,55,45
2014-05-01 19:23:00,1.86,84,27
2014-05-01 19:23:30,1.66,55,31
2014-05-01 19:24:00,1.91,81,50
2014-05-01 19:24:30,1.61,57,59
2014-05-01 19:25:00,1.99,100,44
2014-05-01 19:25:30,1.96,110,42
2014-05-01 19:26:00,2.06,117,43
2014-05-01 19:26:30,1.62,44,34
2014-05-01 19:27:00,2.12,120,37
2014-05-01 19:27:30,1.64,61,26
2014-05-01 19:28:00,1.93,113,55
2014-05-01 19:28:30,1.7,85,28
2014-05-01 19:29:00,1.89,97,55
2014-05-01 19:29:30,2.17,115,27
2014-05-01 19:30:00,2.16,119,28
2014-05-01 19:30:30,2.02,119,42
2014-05-01 19:31:00,1.85,89,22
2014-05-01 19:31:30,2.05,88,38
2014-05-01 19:32:00,1.84,70,30
2014-05-01 19:32:30,1.9,108,27
2014-05-01 19:33:00,1.98,91,29
2014-05-01 19:33:30,2,108,38
2014-05-01 19:34:00,2.04,111,24
2014-05-01 19:34:30,1.97,90,59
2014-05-01 19:35:00,2.07,125,32
2014-05-01 19:35:30,1.99,93,41
2014-05-01 19:36:00,1.96,102,44
2014-05-01 19:36:30,2.1,110,42
2014-05-01 19:37:00,1.65,57,53
2014-05-01 19:37:30,1.66,58,29
2014-05-01 19:38:00,2.16,104,24
2014-05-01 19:38:30,2.17,115,47
2014-05-01 19:39:00,1.67,58,27
2014-05-01 19:39:30,1.88,89,48
2014-05-01 19:40:00,1.83,98,24
2014-05-01 19:40:30,2.11,120,24
2014-05-01 19:41:00,1.82,75,37
2014-05-01 19:41:30,1.72,72,54
2014-05-01 19:42:00,1.76,70,43
2014-05-01 19:42:30,1.61,48,22
2014-05-01 19:43:00,1.74,77,31
2014-05-01 19:43:30,1.61,56,37
2014-05-01 19:44:00,2.2,111,43
2014-05-01 19:44:30,1.73,84,30
2014-05-01 19:45:00,1.94,108,34
2014-05-01 19:45:30,1.88,80,29
2014-05-01 19:46:00,1.86,106,50
2014-05-01 19:46:30,1.79,67,46
2014-05-01 19:47:00,1.79,79,37
2014-05-01 19:47:30,1.67,64,32
2014-05-01 19:48:00,1.93,74,55
2014-05-01 19:48:30,1.8,83,23
2014-05-01 19:49:00,1.95,75,25
2014-05-01 19:49:30,1.85,74,23
2014-05-01 19:50:00,2.17,104,34
2014-05-01 19:50:30,2.04,91,36
2014-05-01 19:51:00,2.05,107,36
2014-05-01 19:51:30,1.78,79,46
2014-05-01 19:52:00,1.79,94,52
2014-05-01 19:52:30,1.95,103,44
2014-05-01 19:53:00,1.72,81,36
2014-05-01 19:53:30,1.76,61,37
2014-05-01 19:54:00,1.61,68,41
2014-05-01 19:54:30,2.01,101,33
2014-05-01 19:55:00,2.16,102,52
2014-05-01 19:55:30,1.75,81,24
2014-05-01 19:56:00,1.86,96,41
2014-05-01 19:56:30,1.93,108,51
2014-05-01 19:57:00,1.98,87,49
2014-05-01 19:57:30,2.14,134,32
2014-05-01 19:58:00,1.73,93,22
2014-05-01 19:58:30,2.2,126,45
2014-05-01 19:59:00,1.62,61,42
2014-05-01 19:59:30,2.19,129,43
2014-05-01 20:00:00,2.01,110,34
2014-05-01 20:00:30,1.73,56,48
2014-05-01 20:01:00,1.94,75,60
2014-05-01 20:01:30,1.83,87,55
2014-05-01 20:02:00,1.9,90,38
2014-05-01 20:02:30,1.91,100,49
2014-05-01 20:03:00,1.98,104,39
2014-05-01 20:03:30,2.2,119,38
2014-05-01 20:04:00,1.66,47,42
2014-05-01 20:04:30,1.96,115,24
2014-05-01 20:05:00,1.94,104,37
2014-05-01 20:05:30,1.73,68,46
2014-05-01 20:06:00,1.65,62,46
2014-05-01 20:06:30,1.86,106,53
2014-05-01 20:07:00,1.73,86,54
2014-05-01 20:07:30,2.17,104,57
2014-05-01 20:08:00,1.71,62,42
2014-05-01 20:08:30,2.13,109,22
2014-05-01 20:09:00,1.84,67,45
2014-05-01 20:09:30,2.08,108,57
2014-05-01 20:10:00,1.73,81,31
2014-05-01 20:10:30,1.68,49,42
2014-05-01 20:11:00,1.62,52,33
2014-05-01 20:11:30,1.93,103,22
2014-05-01 20:12:00,1.68,53,47
2014-05-01 20:12:30,1.67,65,54
2014-05-01 20:13:00,1.69,60,22
2014-05-01 20:13:30,2.04,101,21
2014-05-01 20:14:00,1.73,90,46
2014-05-01 20:14:30,2.01,91,21
2014-05-01 20:15:00,2.04,113,33
2014-05-01 20:15:30,1.81,72,33
2014-05-01 20:16:00,1.77,95,37
2014-05-01 20:16:30,1.92,80,56
2014-05-01 20:17:00,1.61,54,52
2014-05-01 20:17:30,1.71,90,59
2014-05-01 20:18:00,1.93,77,26
2014-05-01 20:18:30,1.93,100,43
2014-05-01 20:19:00,2.11,113,27
2014-05-01 20:19:30,2.05,122,49
2014-05-01 20:20:00,2.1,93,22
2014-05-01 20:20:30,1.78,81,26
2014-05-01 20:21:00,1.96,105,36
2014-05-01 20:21:30,2.04,90,57
2014-05-01 20:22:00,1.96,94,33
2014-05-01 20:22:30,1.78,76,24
2014-05-01 20:23:00,2.03,107,29
2014-05-01 20:23:30,1.86,103,46
2014-05-01 20:24:00,1.66,72,56
2014-05-01 20:24:30,1.96,77,39
2014-05-01 20:25:00,1.91,85,45
2014-05-01 20:25:30,1.88,70,59
2014-05-01 20:26:00,1.99,83,40
2014-05-01 20:26:30,2.18,125,23
2014-05-01 20:27:00,1.79,85,54
2014-05-01 20:27:30,1.98,94,49
2014-05-01 20:28:00,2.03,103,56
2014-05-01 20:28:30,1.83,87,39
2014-05-01 20:29:00,2.12,105,41
2014-05-01 20:29:30,1.77,62,57
2014-05-01 20:30:00,2.01,96,54
2014-05-01 20:30:30,1.89,81,43
2014-05-01 20:31:00,1.81,86,33
2014-05-01 20:31:30,1.78,77,28
2014-05-01 20:32:00,2.18,126,20
2014-05-01 20:32:30,1.61,69,31
2014-05-01 20:33:00,2.17,102,52
2014-05-01 20:33:30,2.1,109,55
2014-05-01 20:34:00,1.77,97,41
2014-05-01 20:34:30,1.82,79,41
2014-05-01 20:35:00,2.02,96,36
2014-05-01 20:35:30,1.62,60,42
2014-05-01 20:36:00,2.08,111,24
2014-05-01 20:36:30,1.78,92,37
2014-05-01 20:37:00,1.85,80,59
2014-05-01 20:37:30,1.92,100,57
2014-05-01 20:38:00,1.68,60,27
2014-05-01 20:38:30,1.71,66,28
2014-05-01 20:39:00,1.69,80,50
2014-05-01 20:39:30,1.94,79,50
2014-05-01 20:40:00,1.7,52,30
2014-05-01 20:40:30,1.61,61,25
2014-05-01 20:41:00,1.81,80,57
2014-05-01 20:41:30,1.61,80,24
2014-05-01 20:42:00,1.93,86,54
2014-05-01 20:42:30,2.03,93,27
2014-05-01 20:43:00,1.73,90,42
2014-05-01 20:43:30,2.08,120,43
2014-05-01 20:44:00,1.71,59,36
2014-05-01 20:44:30,1.82,76,27
2014-05-01 20:45:00,1.84,72,26
2014-05-01 20:45:30,2,96,41
2014-05-01 20:46:00,1.83,102,27
2014-05-01 20:46:30,1.66,68,52
2014-05-01 20:47:00,1.71,79,32
2014-05-01 20:47:30,1.88,83,50
2014-05-01 20:48:00,1.97,79,43
2014-05-01 20:48:30,1.95,105,39
2014-05-01 20:49:00,1.94,75,29
2014-05-01 20:49:30,1.87,83,38
2014-05-01 20:50:00,1.63,62,32
2014-05-01 20:50:30,1.75,77,24
2014-05-01 20:51:00,1.63,49,43
2014-05-01 20:51:30,2.18,112,37
2014-05-01 20:52:00,2.11,113,24
2014-05-01 20:52:30,1.66,68,55
2014-05-01 20:53:00,2.16,112,34
2014-05-01 20:53:30,2,84,56
2014-05-01 20:54:00,1.84,67,40
2014-05-01 20:54:30,2.18,123,43
2014-05-01 20:55:00,2.15,97,25
2014-05-01 20:55:30,1.93,79,38
2014-05-01 20:56:00,2.08,124,56
2014-05-01 20:56:30,1.74,60,48
2014-05-01 20:57:00,2.2,103,52
2014-05-01 20:57:30,2.16,111,40
2014-05-01 20:58:00,2.14,108,47
2014-05-01 20:58:30,2.05,114,32
2014-05-01 20:59:00,2.12,124,27
2014-05-01 20:59:30,1.75,60,24
2014-05-01 21:00:00,2.2,106,37
2014-05-01 21:00:30,1.82,68,53
2014-05-01 21:01:00,1.8,100,54
2014-05-01 21:01:30,2.18,121,42
2014-05-01 21:02:00,1.78,67,50
2014-05-01 21:02:30,1.69,54,43
2014-05-01 21:03:00,1.82,89,37
2014-05-01 21:03:30,1.64,51,27
2014-05-01 21:04:00,1.76,83,20
2014-05-01 21:04:30,2.01,84,31
2014-05-01 21:05:00,2.07,104,32
2014-05-01 21:05:30,2.17,129,56
2014-05-01 21:06:00,1.9,103,56
2014-05-01 21:06:30,1.97,96,59
2014-05-01 21:07:00,1.76,79,22
2014-05-01 21:07:30,1.85,92,55
2014-05-01 21:08:00,1.65,58,22
2014-05-01 21:08:30,2.17,102,30
2014-05-01 21:09:00,1.86,71,24
2014-05-01 21:09:30,1.89,81,43
2014-05-01 21:10:00,2.09,98,47
2014-05-01 21:10:30,1.89,90,52
2014-05-01 21:11:00,2.01,105,37
2014-05-01 21:11:30,1.91,103,35
2014-05-01 21:12:00,1.9,86,48
2014-05-01 21:12:30,1.6,60,33
2014-05-01 21:13:00,1.76,57,59
2014-05-01 21:13:30,1.75,65,53
2014-05-01 21:14:00,2.07,102,28
2014-05-01 21:14:30,1.68,78,51
2014-05-01 21:15:00,2.18,114,38
2014-05-01 21:15:30,2.04,95,53
2014-05-01 21:16:00,2.07,122,50
2014-05-01 21:16:30,1.66,83,58
2014-05-01 21:17:00,2.04,91,23
2014-05-01 21:17:30,1.92,74,44
2014-05-01 21:18:00,2.13,120,45
2014-05-01 21:18:30,1.73,70,39
2014-05-01 21:19:00,2.15,113,48
2014-05-01 21:19:30,1.95,105,23
2014-05-01 21:20:00,2.06,88,53
2014-05-01 21:20:30,1.79,70,54
2014-05-01 21:21:00,1.99,96,51
2014-05-01 21:21:30,1.76,92,33
2014-05-01 21:22:00,2.06,110,26
2014-05-01 21:22:30,1.87,79,21
2014-05-01 21:23:00,1.66,79,32
2014-05-01 21:23:30,2.1,93,29
2014-05-01 21:24:00,1.96,94,43
2014-05-01 21:24:30,1.84,71,34
2014-05-01 21:25:00,1.61,56,41
2014-05-01 21:25:30,2.09,89,57
2014-05-01 21:26:00,1.97,103,45
2014-05-01 21:26:30,1.62,48,51
2014-05-01 21:27:00,1.97,100,26
2014-05-01 21:27:30,2.14,112,21
2014-05-01 21:28:00,2.12,125,59
2014-05-01 21:28:30,2.08,104,34
2014-05-01 21:29:00,1.67,75,54
2014-05-01 21:29:30,1.92,103,46
2014-05-01 21:30:00,1.73,68,55
2014-05-01 21:30:30,1.7,72,21
2014-05-01 21:31:00,2.19,116,28
2014-05-01 21:31:30,1.67,78,59
2014-05-01 21:32:00,1.68,86,47
2014-05-01 21:32:30,2.1,91,52
2014-05-01 21:33:00,1.63,58,41
2014-05-01 21:33:30,1.81,69,53
2014-05-01 21:34:00,1.7,61,38
2014-05-01 21:34:30,1.74,93,37
2014-05-01 21:35:00,1.85,91,27
2014-05-01 21:35:30,2.03,97,51
2014-05-01 21:36:00,2.07,118,29
2014-05-01 21:36:30,1.63,80,28
2014-05-01 21:37:00,1.77,87,56
2014-05-01 21:37:30,1.95,105,29
2014-05-01 21:38:00,1.74,80,23
2014-05-01 21:38:30,2.02,96,21
2014-05-01 21:39:00,1.77,68,27
2014-05-01 21:39:30,2.13,105,32
2014-05-01 21:40:00,2.01,114,27
2014-05-01 21:40:30,1.68,70,23
2014-05-01 21:41:00,2.14,129,55
2014-05-01 21:41:30,1.72,59,44
2014-05-01 21:42:00,1.97,81,42
2014-05-01 21:42:30,2.14,126,41
2014-05-01 21:43:00,2.04,87,42
2014-05-01 21:43:30,2.16,132,31
2014-05-01 21:44:00,1.8,81,23
2014-05-01 21:44:30,1.71,57,39
2014-05-01 21:45:00,1.9,82,42
2014-05-01 21:45:30,1.87,69,44
2014-05-01 21:46:00,1.69,89,37
2014-05-01 21:46:30,1.71,67,49
2014-05-01 21:47:00,1.8,67,23
2014-05-01 21:47:30,2.05,120,53
2014-05-01 21:48:00,1.84,78,41
2014-05-01 21:48:30,1.98,105,32
2014-05-01 21:49:00,1.7,83,36
2014-05-01 21:49:30,2.16,136,45
2014-05-01 21:50:00,1.8,85,45
2014-05-01 21:50:30,1.68,86,51
2014-05-01 21:51:00,1.85,78,54
2014-05-01 21:51:30,1.77,75,41
2014-05-01 21:52:00,1.6,70,48
2014-05-01 21:52:30,1.66,72,33
2014-05-01 21:53:00,1.82,101,56
2014-05-01 21:53:30,2.08,90,23
2014-05-01 21:54:00,1.75,78,40
2014-05-01 21:54:30,1.92,86,57
2014-05-01 21:55:00,2.2,115,23
2014-05-01 21:55:30,1.65,65,37
2014-05-01 21:56:00,1.91,105,58
2014-05-01 21:56:30,2.05,118,21
2014-05-01 21:57:00,2.13,118,24
2014-05-01 21:57:30,1.66,55,45
2014-05-01 21:58:00,2.15,117,33
2014-05-01 21:58:30,2,99,42
2014-05-01 21:59:00,1.93,104,30
2014-05-01 21:59:30,1.99,119,31
2014-05-01 22:00:00,1.63,81,30
2014-05-01 22:00:30,1.81,79,31
2014-05-01 22:01:00,1.65,78,41
2014-05-01 22:01:30,1.79,91,54
2014-05-01 22:02:00,2.01,115,40
2014-05-01 22:02:30,2.14,116,43
2014-05-01 22:03:00,1.77,76,51
2014-05-01 22:03:30,1.6,75,39
2014-05-01 22:04:00,2.15,135,29
2014-05-01 22:04:30,1.76,77,46
2014-05-01 22:05:00,2.05,91,34
2014-05-01 22:05:30,1.69,65,20
2014-05-01 22:06:00,2.1,105,25
2014-05-01 22:06:30,1.75,79,36
2014-05-01 22:07:00,1.95,85,46
2014-05-01 22:07:30,2.15,115,34
2014-05-01 22:08:00,2.15,123,45
2014-05-01 22:08:30,2.1,102,48
2014-05-01 22:09:00,1.97,88,45
2014-05-01 22:09:30,2.07,105,44
2014-05-01 22:10:00,2.08,102,37
2014-05-01 22:10:30,1.72,67,20
2014-05-01 22:11:00,2.05,101,28
2014-05-01 22:11:30,1.81,75,35
2014-05-01 22:12:00,1.71,89,25
2014-05-01 22:12:30,2.04,91,23
2014-05-01 22:13:00,1.66,56,40
2014-05-01 22:13:30,2.05,96,24
2014-05-01 22:14:00,1.68,66,50
2014-05-01 22:14:30,2.16,109,25
2014-05-01 22:15:00,1.62,80,43
2014-05-01 22:15:30,1.9,105,28
2014-05-01 22:16:00,2.14,125,58
2014-05-01 22:16:30,1.67,56,50
2014-05-01 22:17:00,1.75,69,45
2014-05-01 22:17:30,2.02,104,33
2014-05-01 22:18:00,1.96,85,54
2014-05-01 22:18:30,2.09,108,41
2014-05-01 22:19:00,1.98,108,37
2014-05-01 22:19:30,1.7,56,30
2014-05-01 22:20:00,2.06,97,28
2014-05-01 22:20:30,1.65,55,23
2014-05-01 22:21:00,1.64,71,57
2014-05-01 22:21:30,2.16,108,53
2014-05-01 22:22:00,1.94,107,45
2014-05-01 22:22:30,1.69,87,33
2014-05-01 22:23:00,2.03,114,56
2014-05-01 22:23:30,1.96,95,24
2014-05-01 22:24:00,2.04,96,49
2014-05-01 22:24:30,1.78,67,23
2014-05-01 22:25:00,1.84,93,39
2014-05-01 22:25:30,2.04,101,22
2014-05-01 22:26:00,2.14,107,56
2014-05-01 22:26:30,1.82,73,59
2014-05-01 22:27:00,2.12,125,50
2014-05-01 22:27:30,1.75,64,24
2014-05-01 22:28:00,1.99,86,45
2014-05-01 22:28:30,1.89,78,53
2014-05-01 22:29:00,2.1,116,46
2014-05-01 22:29:30,1.83,101,34
2014-05-01 22:30:00,1.73,84,24
2014-05-01 22:30:30,2.07,99,21
2014-05-01 22:31:00,1.9,89,30
2014-05-01 22:31:30,1.71,64,48
2014-05-01 22:32:00,1.96,104,39
2014-05-01 22:32:30,1.78,93,33
2014-05-01 22:33:00,2.09,107,25
2014-05-01 22:33:30,1.91,74,52
2014-05-01 22:34:00,1.8,90,52
2014-05-01 22:34:30,1.92,86,49
2014-05-01 22:35:00,1.8,86,38
2014-05-01 22:35:30,1.91,72,54
2014-05-01 22:36:00,1.68,58,38
2014-05-01 22:36:30,1.61,50,56
2014-05-01 22:37:00,2.19,129,57
2014-05-01 22:37:30,1.7,86,30
2014-05-01 22:38:00,1.72,87,58
2014-05-01 22:38:30,1.8,62,53
2014-05-01 22:39:00,1.76,86,52
2014-05-01 22:39:30,1.8,61,34
2014-05-01 22:40:00,1.74,82,39
2014-05-01 22:40:30,1.89,95,50
2014-05-01 22:41:00,1.77,86,36
2014-05-01 22:41:30,2.09,122,58
2014-05-01 22:42:00,1.66,53,23
2014-05-01 22:42:30,2.17,111,33
2014-05-01 22:43:00,1.75,69,43
2014-05-01 22:43:30,1.65,56,24
2014-05-01 22:44:00,2.12,102,40
2014-05-01 22:44:30,1.76,86,37
2014-05-01 22:45:00,2.09,94,57
2014-05-01 22:45:30,1.89,104,34
2014-05-01 22:46:00,2.13,118,32
2014-05-01 22:46:30,1.92,82,27
2014-05-01 22:47:00,1.94,94,27
2014-05-01 22:47:30,1.78,61,41
2014-05-01 22:48:00,2.14,99,31
2014-05-01 22:48:30,1.95,81,50
2014-05-01 22:49:00,1.78,85,30
2014-05-01 22:49:30,1.66,84,44
2014-05-01 22:50:00,1.94,87,57
2014-05-01 22:50:30,1.7,88,38
2014-05-01 22:51:00,1.77,64,54
2014-05-01 22:51:30,1.84,76,44
2014-05-01 22:52:00,1.82,84,23
2014-05-01 22:52:30,1.81,76,37
2014-05-01 22:53:00,2.04,95,22
2014-05-01 22:53:30,2.09,111,28
2014-05-01 22:54:00,1.69,65,24
2014-05-01 22:54:30,1.63,78,31
2014-05-01 22:55:00,2.07,100,51
2014-05-01 22:55:30,1.95,75,23
2014-05-01 22:56:00,1.97,109,39
2014-05-01 22:56:30,1.88,78,40
2014-05-01 22:57:00,1.68,65,27
2014-05-01 22:57:30,2.16,133,36
2014-05-01 22:58:00,1.75,75,22
2014-05-01 22:58:30,1.94,85,39
2014-05-01 22:59:00,1.79,82,41
2014-05-01 22:59:30,1.68,75,51
2014-05-01 23:00:00,2.05,102,32
2014-05-01 23:00:30,1.9,82,53
2014-05-01 23:01:00,1.7,76,47
2014-05-01 23:01:30,1.92,87,42
2014-05-01 23:02:00,2,115,46
2014-05-01 23:02:30,1.76,86,37
2014-05-01 23:03:00,1.94,87,31
2014-05-01 23:03:30,1.83,100,39
2014-05-01 23:04:00,1.79,68,59
2014-05-01 23:04:30,2.19,134,38
2014-05-01 23:05:00,1.65,62,58
2014-05-01 23:05:30,1.83,100,58
2014-05-01 23:06:00,1.86,84,24
2014-05-01 23:06:30,2.2,123,32
2014-05-01 23:07:00,1.71,58,54
2014-05-01 23:07:30,1.92,89,49
2014-05-01 23:08:00,1.78,72,50
2014-05-01 23:08:30,2.11,109,51
2014-05-01 23:09:00,2.07,91,41
2014-05-01 23:09:30,1.85,67,31
2014-05-01 23:10:00,1.75,93,25
2014-05-01 23:10:30,1.97,107,36
2014-05-01 23:11:00,1.95,93,52
2014-05-01 23:11:30,2.17,109,38
2014-05-01 23:12:00,2.13,101,50
2014-05-01 23:12:30,2.04,86,21
2014-05-01 23:13:00,2.14,118,56
2014-05-01 23:13:30,1.85,87,23
2014-05-01 23:14:00,1.86,83,57
2014-05-01 23:14:30,2.19,119,33
2014-05-01 23:15:00,2.04,118,49
2014-05-01 23:15:30,2.15,96,35
2014-05-01 23:16:00,1.76,95,27
2014-05-01 23:16:30,2,101,22
2014-05-01 23:17:00,1.61,69,32
2014-05-01 23:17:30,1.65,66,42
2014-05-01 23:18:00,1.98,108,49
2014-05-01 23:18:30,1.77,93,41
2014-05-01 23:19:00,1.96,101,49
2014-05-01 23:19:30,1.62,61,27
2014-05-01 23:20:00,2.05,101,40
2014-05-01 23:20:30,1.9,87,52
2014-05-01 23:21:00,2.05,91,55
2014-05-01 23:21:30,1.6,61,45
2014-05-01 23:22:00,2.05,105,40
2014-05-01 23:22:30,1.61,79,33
2014-05-01 23:23:00,1.64,60,25
2014-05-01 23:23:30,1.72,56,52
2014-05-01 23:24:00,2.15,120,53
2014-05-01 23:24:30,1.92,108,43
2014-05-01 23:25:00,2.13,130,46
2014-05-01 23:25:30,2.03,115,59
2014-05-01 23:26:00,1.98,100,23
2014-05-01 23:26:30,1.74,85,43
2014-05-01 23:27:00,2.16,130,44
2014-05-01 23:27:30,1.74,63,46
2014-05-01 23:28:00,2.19,121,49
2014-05-01 23:28:30,2.1,120,40
2014-05-01 23:29:00,1.64,47,48
2014-05-01 23:29:30,1.68,76,53
2014-05-01 23:30:00,1.99,95,38
2014-05-01 23:30:30,2,110,53
2014-05-01 23:31:00,2.02,85,52
2014-05-01 23:31:30,2.17,110,44
2014-05-01 23:32:00,1.72,58,28
2014-05-01 23:32:30,1.98,110,33
2014-05-01 23:33:00,1.66,62,28
2014-05-01 23:33:30,1.87,80,43
2014-05-01 23:34:00,1.72,65,35
2014-05-01 23:34:30,2.06,106,42
2014-05-01 23:35:00,1.96,103,54
2014-05-01 23:35:30,2.03,116,51
2014-05-01 23:36:00,1.82,80,28
2014-05-01 23:36:30,1.72,75,59
2014-05-01 23:37:00,1.83,69,33
2014-05-01 23:37:30,1.98,82,51
2014-05-01 23:38:00,1.82,84,34
2014-05-01 23:38:30,1.88,96,53
2014-05-01 23:39:00,2.01,85,47
2014-05-01 23:39:30,1.96,82,24
2014-05-01 23:40:00,1.67,64,29
2014-05-01 23:40:30,1.92,87,43
2014-05-01 23:41:00,1.91,89,26
2014-05-01 23:41:30,1.94,111,34
2014-05-01 23:42:00,1.78,94,26
2014-05-01 23:42:30,2.13,102,26
2014-05-01 23:43:00,2.01,118,55
2014-05-01 23:43:30,1.8,72,42
2014-05-01 23:44:00,1.98,93,54
2014-05-01 23:44:30,1.73,81,22
2014-05-01 23:45:00,1.82,77,48
2014-05-01 23:45:30,1.62,44,37
2014-05-01 23:46:00,1.86,71,38
2014-05-01 23:46:30,2.01,106,23
2014-05-01 23:47:00,1.75,78,34
2014-05-01 23:47:30,1.8,65,53
2014-05-01 23:48:00,1.94,98,53
2014-05-01 23:48:30,2.1,109,33
2014-05-01 23:49:00,1.95,85,59
2014-05-01 23:49:30,1.65,67,60
2014-05-01 23:50:00,1.96,88,29
2014-05-01 23:50:30,1.64,72,23
2014-05-01 23:51:00,2.01,96,25
2014-05-01 23:51:30,1.65,56,58
2014-05-01 23:52:00,1.71,72,25
2014-05-01 23:52:30,1.8,86,27
2014-05-01 23:53:00,2.19,129,36
2014-05-01 23:53:30,1.82,80,46
2014-05-01 23:54:00,1.77,90,44
2014-05-01 23:54:30,1.83,69,56
2014-05-01 23:55:00,1.67,60,52
2014-05-01 23:55:30,1.67,54,22
2014-05-01 23:56:00,1.74,56,23
2014-05-01 23:56:30,1.8,74,35
2014-05-01 23:57:00,2.01,119,57
2014-05-01 23:57:30,1.7,78,36
2014-05-01 23:58:00,1.86,74,44
2014-05-01 23:58:30,1.84,82,23
2014-05-01 23:59:00,1.75,86,38
2014-05-01 23:59:30,2.05,99,45
